itemNumber,title,author,description,yearPublished,retailCost
101,Deliciously Wicked,Myranda Brimman,Expanded human-resource orchestration,4/1/1989,$11.59
102,The Suitcase Kid,Trudi Bolderoe,Compatible logistical throughput,5/24/1997,$46.21
103,The Alchemist - 10th Anniversary Edition,Dionis Jack,Down-sized needs-based installation,8/23/1969,$11.74
104,Delicate Doom,Tamma Jeness,Monitored web-enabled knowledge user,3/21/1976,$36.12
105,The Children Act,Leone Allwood,Synchronised uniform function,1/3/2016,$19.67
106,The Death of Money,Keith Tomaszek,Polarised 24/7 moderator,5/20/1951,$20.50
107,Daughter in the Tale,Anthony Carncross,Open-source even-keeled service-desk,11/6/1987,$12.01
108,The Cemetery On the Eternal Suicide,Wenda Stratz,Diverse intermediate hub,7/16/2015,$50.82
109,Second Carnival,Bastien Hurworth,Total upward-trending superstructure,10/19/1968,$31.02
110,The Big Book On Personality Typing,Sutherlan Merill,Enterprise-wide radical superstructure,11/24/2007,$29.72
111,Bronson,Stevena Phoebe,Progressive 4th generation capability,1/2/2009,$39.58
112,Head To Head,Lorettalorna Ling,Ergonomic full-range circuit,11/6/2011,$44.69
113,Bloodlines,Gina Keymer,Phased cohesive help-desk,9/3/2014,$26.95
114,The Return of the Emperor,Quent Milnes,User-friendly well-modulated capacity,9/4/1984,$22.45
115,A Muddy Wings Beyond Paradox,Templeton Dake,Grass-roots 24/7 migration,2/10/1976,$10.61
116,The Mars the Dream Hung,Lela Fooks,Versatile bandwidth-monitored workforce,1/3/2010,$5.17
117,A Taste of Desire,Denney Pheazey,Enhanced attitude-oriented knowledge user,12/29/1962,$16.48
118,The Singing Neanderthals,Juline Wyldes,Optional eco-centric hierarchy,5/19/1998,$47.27
119,Marine for Hire (A Front and Center Novel),Gretta Offen,Seamless bifurcated data-warehouse,2/19/1973,$32.15
120,The Way of the Dragon,Vickie Azam,Decentralized transitional framework,1/20/1953,$52.12
121,Dilbert - A Treasury Of Sunday Strips: Version 00: A Dilbert Book,Forrest Aitken,Fundamental analyzing complexity,11/11/2016,$24.58
122,The Aliens within,Dedra Primmer,Monitored executive implementation,9/6/2007,$33.39
123,The Tree's Childhood,Darci Churchill,Fundamental methodical superstructure,11/3/1991,$39.76
124,The Reply of Delicate Hours,Cherice Stolze,Realigned coherent policy,5/7/1969,$32.22
125,The Story of Tracy Beaker,Bogey Robley,Innovative incremental task-force,11/21/1982,$16.12
126,A Pizza To Die For,Margalo Lashbrook,Organic systematic synergy,1/2/2012,$11.16
127,A Compendium of Age,Maureene McConville,Synergized 4th generation synergy,11/30/2003,$17.32
128,The Naked Gentleman,Kittie Rolf,Universal mission-critical groupware,3/1/1998,$7.93
129,Hairy Beard At Unrequited Africa,Garret Lynett,Balanced global time-frame,9/17/1971,$25.71
130,The Death Penalty in America,Celinda Westwick,Cloned hybrid collaboration,3/25/1991,$45.05
131,Wings of Fire Book Six: Moon Rising,Nicolais Birds,Profit-focused analyzing frame,1/25/1952,$49.62
132,Chain Chains Devils,Lalo Streeten,Face to face mission-critical application,8/19/1967,$5.94
133,Crossing the Shadow,Leia Button,Programmable object-oriented toolset,12/25/1994,$37.15
134,The Innovator's Dilemma,Larissa Kubis,Advanced dynamic throughput,8/21/1953,$37.02
135,Killing Spree,Margit Calder,Ergonomic 4th generation methodology,10/30/1977,$25.51
136,Back in the Game,Elka Larway,Front-line bifurcated focus group,2/1/2018,$44.95
137,THE LOGIC OF COLLECTIVE ACTION,Germana Foale,Seamless uniform algorithm,10/26/1992,$49.12
138,End of Days,Louis Halliberton,Self-enabling 24 hour matrices,8/14/2015,$15.62
139,Gentleman of Watcher,Damon Napton,Assimilated neutral strategy,6/12/1992,$53.60
140,One Day in the Life of Ivan Denisovich,Keefer Mawd,Enterprise-wide methodical internet solution,2/27/1967,$20.60
141,Community and Organization in the New Left,Darryl Sergeant,Reactive directional encryption,8/26/1969,$47.01
142,Best Man for Hire (Entangled Lovestruck),Gratia Howley,Centralized bi-directional structure,5/28/1966,$7.46
143,Like a Mighty Army,Bord Tayloe,Seamless next generation help-desk,5/24/1998,$21.70
144,The Redbreast,Shayla Mowsdell,Distributed executive concept,5/6/2009,$5.30
145,Built Dracula,Sidonia Gerald,Up-sized global process improvement,12/7/1960,$14.87
146,The Concept of the Political,Faustina Craigmile,Customizable asynchronous moratorium,12/7/1978,$53.54
147,The Death Penalty in America,Liza Warder,User-friendly neutral access,12/30/2001,$30.67
148,Seductive Starts (An Enhanced Box Set),Shellie Mayston,Configurable foreground flexibility,2/9/2006,$8.49
149,Revenge of the Damned,Nolana Pettersen,Fully-configurable 4th generation open architecture,10/15/1983,$42.08
150,Wings of Fire Book Six: Moon Rising,Batholomew Sinclaire,Down-sized multimedia matrices,7/23/2012,$19.05
151,Ender's Game,Duane Janew,Optional well-modulated standardization,6/28/1967,$53.89
152,Killer in Undead Magic,Onida Agnolo,Secured methodical flexibility,6/17/2012,$19.47
153,Quinn,Stefano Bittlestone,Polarised actuating solution,3/1/2013,$29.16
154,Pompeii,Giordano Helsdon,Assimilated methodical help-desk,2/7/1960,$51.75
155,Out of the Guardian,Valentijn Tinsley,Enhanced static success,4/25/2000,$12.55
156,PatchGuard,Stephan Rihanek,Robust 24 hour website,10/6/1998,$48.36
157,A Poisoned Constantine Without Blogger,Lyn Rosengart,Profound radical middleware,2/26/1993,$18.63
158,Magic Lies Farm House,Tedie Quinnell,Public-key systemic service-desk,7/26/1958,$11.02
159,How to Be a Proper Lady,Rance Dixie,Multi-lateral motivating info-mediaries,12/5/1956,$46.96
160,You Can Get Your Love Back: Proven Ways to Stop Break Up and Win Back the Love of Your Life,Amata Hughson,Ameliorated needs-based focus group,6/11/1968,$48.93
161,Thing in Damned Alexander,Jase Larenson,Decentralized tertiary open system,5/15/1961,$21.65
162,The Zero Dog War,Talyah Kedwell,Implemented fault-tolerant capacity,2/14/2007,$8.49
163,Mount: A Mountain Man's Adventures,Rozanna Garlant,Universal context-sensitive capability,9/14/2000,$36.55
164,Land of the Living,Celestia Geach,Balanced optimizing matrix,9/10/2008,$13.32
165,The Hunger Games,Herschel Iacopo,Streamlined empowering hardware,3/11/1993,$11.37
166,FaceHieroglyph,Barbabas Borthram,Versatile bi-directional challenge,8/18/1960,$24.19
167,Trail of the Mountain Man,Georgena Karys,Centralized didactic local area network,3/11/1993,$20.19
168,Emperor Under Destroying Crown,Filberto Gandley,Multi-lateral impactful standardization,5/19/2007,$13.63
169,The Witchcraft Sourcebook,Nicol Gunderson,Universal intermediate adapter,4/18/2009,$16.26
170,The Garden the Trade Chained,Bevan Gillbe,Optimized tangible focus group,6/22/1998,$30.82
171,Edible Minutes At Haunting Cape,Thorin Lardier,Pre-emptive analyzing groupware,5/29/1986,$8.77
172,Uncommon Steam of Days,Brigitta Ewens,Vision-oriented tangible forecast,4/29/1966,$24.01
173,The Screaming Room,Veriee Kindall,Up-sized real-time benchmark,3/20/2011,$49.82
174,Urban Power,Mirabel Whistlecraft,Multi-lateral next generation support,9/25/1961,$26.31
175,The Loner: The Blood of Renegades,Leyla Zorzetti,Cross-group intangible focus group,5/20/1957,$51.64
176,The Haunting Unrequited Demon,Cole Lapworth,Monitored systemic moderator,3/4/1992,$50.34
177,The Mystery At the English Priestess,Regan Behne,Enhanced impactful process improvement,1/12/1993,$25.03
178,Scandalous Lord Dere,Yevette Bednall,Secured optimizing neural-net,3/4/1961,$54.28
179,Silent Victim,Brigitte Minico,Innovative 6th generation contingency,8/14/2002,$38.13
180,Phantom's Priestess,Joaquin Cecely,Multi-lateral modular orchestration,7/7/2011,$47.53
181,The She Wrath,Kimbra Hannum,Polarised intangible groupware,12/24/1954,$27.13
182,Priceless Girl of Feast,Deck Dearden,Decentralized fresh-thinking installation,12/1/2009,$26.52
183,Sten,Dinny Gosling,Object-based discrete policy,9/26/2001,$16.65
184,The Five Love Languages: How to Express Heartfelt Commitment to Your Mate,Jaymee Unsworth,Expanded regional attitude,7/8/1984,$31.45
185,Eve,Ron Caldron,Team-oriented foreground middleware,8/28/2005,$13.77
186,To Walk in Our Fathers Footsteps,Kittie Petrescu,Polarised well-modulated monitoring,10/26/1958,$53.15
187,Ghost Girl,Hadrian Byart,Monitored coherent model,2/11/2013,$17.00
188,Circus Circle,Ezra Shiel,Triple-buffered foreground hardware,8/15/1962,$53.78
189,Silent Screams,Shirlene Hazle,Public-key mission-critical concept,5/21/1965,$30.75
190,What the Best College Teachers Do,Bryn Dockery,Persevering value-added portal,4/2/2004,$7.50
191,I Am Providence: The Life and Times of H. P. Lovecraft,Page Felten,Progressive 24/7 hierarchy,4/21/1989,$54.27
192,The Man Who Loved Dogs,Sharron Kobelt,Monitored regional toolset,7/14/1985,$46.57
193,The Gambit of the Garden,Justin Grinikhin,Distributed bottom-line groupware,1/14/1952,$42.76
194,The Future of Power,Savina Balcombe,Adaptive optimal function,2/26/1962,$10.30
195,Above the Six Neighbors,Isidro Shailer,Profound actuating application,5/13/2010,$5.50
196,The Glass Castle,Melisandra Wrates,Reactive real-time adapter,10/16/1992,$34.51
197,Unseen,Blakeley Ilott,Universal next generation process improvement,8/6/1954,$12.81
198,Life Of Pi,Nellie Buckenham,Inverse solution-oriented projection,8/9/1966,$17.94
199,Saw to Ride,Germain Tunna,Programmable fault-tolerant protocol,4/7/1989,$17.30
200,The Retreat of the State,Deck Craft,Horizontal multimedia productivity,6/20/1950,$51.49
201,Silver Inverness of Coast,Aube Suthworth,Customizable hybrid superstructure,3/19/2009,$28.47
202,The New Daylight Coast,Bendick Zywicki,Synergistic reciprocal focus group,10/3/1953,$34.81
203,Dance of the Dragon,Charisse Idney,Fundamental value-added approach,12/19/1982,$6.45
204,Mine to Possess,Jori Milhench,Multi-lateral intangible algorithm,3/10/1956,$51.17
205,Daylight's Body,Carmine Tissier,Exclusive grid-enabled artificial intelligence,11/9/1997,$34.15
206,Waiting for Summer's Return,Siusan Roblou,Integrated non-volatile neural-net,6/13/2001,$54.45
207,Saw to Forget,Nonah Chilley,Public-key background superstructure,10/13/2017,$16.42
208,Escape: The True Story of the Only Westerner Ever to Escape from Thailand's Bangkok Hilton,Isidro Floch,Assimilated disintermediate structure,9/9/1975,$41.24
209,Quicksilver,Red Schimaschke,Reactive actuating moderator,7/16/2006,$47.18
210,Outbreak,Leighton McIlhone,Diverse exuding solution,3/16/1986,$47.33
211,Learning The World,Broderick Filyashin,Business-focused bifurcated Graphical User Interface,12/4/2009,$5.28
212,The Worthing Saga,Garek Skates,Progressive systematic matrix,11/29/1953,$20.29
213,Glory's Creek,Fernando Winterflood,Implemented regional flexibility,6/12/1959,$54.74
214,Chasing Temptation (a Chasing Love novel),Kaela Kindred,Extended real-time capacity,12/20/1950,$7.79
215,MacArthur: A Biography,Querida McLinden,Future-proofed modular extranet,12/5/1986,$30.08
216,Death of a Salesman,Welby Kinkade,Multi-layered hybrid database,9/7/1992,$43.43
217,Horde in the Patrol,Alia Cruess,Advanced uniform algorithm,5/20/1968,$31.08
218,Last Doctor On Unfaithful Sealed,Reginald Kearle,Advanced intangible help-desk,8/25/1961,$16.58
219,A Kill in the Morning,Lovell Tunniclisse,Innovative hybrid initiative,2/2/1993,$45.68
220,The Place of Dead Roads,Claribel Graddon,Inverse radical initiative,11/4/2010,$32.17
221,The Burning Room,Mab Batkin,De-engineered multi-state forecast,6/28/2000,$51.02
222,The Light in High Places: A Naturalist Looks at Wyoming Wilderness,Kerby Scotchbourouge,Quality-focused responsive application,10/10/1976,$51.38
223,Fought Bloodline,Ruthie Lympenie,De-engineered zero tolerance orchestration,9/20/2008,$47.96
224,Ward Against Disaster (Entangled Teen),Pierre Morrott,Expanded empowering implementation,2/28/1981,$45.92
225,Blade Silver: Color Me Scarred,Horatio Eunson,Visionary human-resource standardization,12/28/2017,$15.25
226,The Health that Killed the Flame,Bartram Danelutti,Robust didactic system engine,1/20/2003,$13.84
227,Regeneration,Gena Colwell,Polarised value-added alliance,2/14/1962,$22.29
228,Act Like a Lady,Darill Hubery,Cloned even-keeled toolset,7/8/1995,$50.89
229,The Emergence of Cinema,Darda MacCaughey,User-friendly methodical interface,6/15/1966,$18.58
230,The Jungle and the Magic,Cyrille McGorman,User-centric stable budgetary management,9/21/1969,$20.92
231,The Foundations of Social Research,Nap Lower,Visionary system-worthy support,9/1/1965,$13.06
232,The Causal Angel,Mareah Aimson,Optimized 6th generation approach,11/22/1995,$43.51
233,Tower of Houdini,Eberhard Cason,Reverse-engineered methodical local area network,5/28/2006,$23.04
234,Perl Cookbook,Brear Gummer,Re-engineered zero tolerance leverage,11/3/1963,$6.83
235,Tricked Cthulhu,Levon Lafford,Centralized global parallelism,6/24/2014,$35.69
236,The Edible Muddy Gurov,Natalee Dadswell,Multi-channelled bandwidth-monitored throughput,5/6/1955,$41.45
237,Night At Atomic Doctor,Oralee Joselevitz,Sharable client-server service-desk,2/26/1998,$39.14
238,The Heroic Life of George Gissing,Minerva Dyers,Adaptive upward-trending info-mediaries,1/25/1995,$53.62
239,In Total Surrender,Maia Feldmann,Proactive actuating local area network,11/23/2006,$47.64
240,The Barsac of the Blue Steam-Powered Rulers,Nelson Lowdwell,Open-architected actuating analyzer,9/27/1975,$54.64
241,The Blood that Embraced the Chance,Arlan Kynnd,Upgradable global architecture,12/20/2003,$48.49
242,What the Best College Teachers Do,Clo Gustus,Face to face client-server framework,7/19/1996,$27.75
243,Fifty Shades Trilogy: Fifty Shades of Grey / Fifty Shades Darker / Fifty Shades Freed,Catriona Lygo,Ameliorated reciprocal instruction set,6/28/2015,$22.22
244,Secret Missions of the Civil War,Dorey Gerardot,Total optimal capacity,8/11/2015,$13.35
245,A Pizza To Die For,Arron Elcombe,User-friendly secondary data-warehouse,12/27/1968,$31.97
246,City of the Dead: A Claire DeWitt Mystery,Chery Calcutt,Programmable even-keeled conglomeration,7/22/2006,$36.41
247,A Rogue Elephant's Guide to Success: The World according to Clinton,Tommi Bousquet,Face to face bi-directional hardware,12/4/1981,$54.24
248,The New Military Humanism,Winnifred Leffek,Secured zero tolerance knowledge user,7/5/1983,$42.43
249,The Holy Bible: Old and New Testaments,Shellysheldon Briers,Virtual background paradigm,12/3/1993,$49.08
250,The Thing Into,Genevieve Garces,Re-contextualized empowering software,1/31/1978,$51.94
251,Came by Alexander,Torrin Bondy,Self-enabling analyzing application,8/21/1999,$33.94
252,BSS: Manage Your Boss,Irvine Standage,Switchable object-oriented toolset,4/27/2014,$44.08
253,The Prophet,Timoteo McKoy,Enterprise-wide methodical structure,8/6/1990,$42.74
254,The Awakening,Arlena Montes,Decentralized client-driven orchestration,11/28/1999,$19.93
255,Crossing the Science,Cass Beagin,Seamless coherent application,4/14/2000,$10.35
256,Saw to Ride,Horatius MacIlraith,Up-sized optimal protocol,10/23/1997,$44.01
257,Natural Enemies,Robenia Longhurst,Universal asynchronous pricing structure,7/26/1971,$11.04
258,The Moscow Puzzles,Gloria Farnall,Sharable stable pricing structure,2/20/2017,$39.94
259,The Image of the City,Marybeth O'Daly,Innovative analyzing project,7/27/1959,$31.67
260,The Night Sessions,Loren Mayoh,Innovative global hierarchy,12/18/1979,$40.63
261,The Works of Edgar Allan Poe,Tadd Wisher,Versatile interactive application,2/19/2017,$7.23
262,To Desire a Wicked Duke: A Rouge Regency Romance,Janella MacCorkell,Centralized logistical application,5/23/1964,$28.21
263,The Cosmic Daylight Beast,Christos Stote,Grass-roots high-level info-mediaries,3/2/1976,$40.98
264,The Making of the English Working Class,Anatol Winson,Versatile contextually-based infrastructure,8/1/1958,$36.11
265,The Treasures's Wyatt,Mufinella Thraves,Sharable real-time Graphical User Interface,5/20/1976,$54.09
266,Earth Afire,Crosby Fordy,Pre-emptive 24 hour frame,11/3/1986,$12.24
267,Parlor of Discovery,Rowena Klain,Configurable systematic firmware,7/30/1951,$7.19
268,The Silent Girls,Prent Cornels,Devolved zero administration collaboration,2/7/1985,$41.16
269,The Quest the Reckless Killed,Amble Grevatt,Streamlined fresh-thinking capacity,11/29/1984,$29.70
270,Let Me Be Frank With You,Angelina Barhems,Balanced client-server functionalities,12/23/1957,$22.90
271,The End of the Nation State,Terese Skewis,Centralized zero tolerance paradigm,1/9/2014,$30.28
272,Priestess is Uncommon,Kakalina Pennyman,Team-oriented reciprocal project,2/26/2000,$51.54
273,The Scarlet Pimpernel,Marcos Raper,Sharable solution-oriented help-desk,4/29/1975,$12.84
274,Marauder,Siffre Treverton,Secured logistical matrices,7/28/1961,$12.17
275,Silver Inverness of Coast,Roanne Setterington,Enhanced grid-enabled projection,7/15/1957,$41.04
276,Marching Powder,Westbrooke Hamblen,Sharable static Graphic Interface,7/8/1997,$33.90
277,Captain Underpants and the Wrath of the Wicked Wedgie Women,Brockie Huband,Grass-roots user-facing groupware,10/16/1996,$47.48
278,House Of God,Solly Millson,Persevering bottom-line concept,11/13/2012,$24.99
279,The Tsan-Lo With the Silver Hitler,Mort Shewsmith,Horizontal multi-tasking software,1/5/1966,$45.91
280,Dying the Zamboula,Gabie Conyard,Virtual encompassing definition,5/11/1996,$46.56
281,The Creative Destruction of Medicine,Domini Doughty,User-friendly upward-trending website,1/1/2001,$8.18
282,One Night: Promised,Susanne Bringloe,Optional mobile application,3/18/1980,$15.34
283,Childhood,Calvin Fitt,Function-based dynamic leverage,7/24/1982,$17.40
284,Zamboula Ran,Tony Rylance,Digitized asynchronous implementation,10/13/2012,$26.39
285,Influence,Henka Ferandez,Versatile multi-state customer loyalty,7/25/2003,$29.03
286,The Cold Circus,Kean Bruyns,Enterprise-wide bifurcated policy,4/27/2016,$45.81
287,The Power of Now: A Guide to Spiritual Enlightenment,Rennie Harbison,Down-sized non-volatile portal,10/22/1957,$19.26
288,The Insects In the Bloodstained Book,Mitch Pearcey,User-friendly analyzing framework,9/22/1952,$47.98
289,The Shadow the Madness Lied,Roxie Scholes,Customizable real-time knowledge base,11/6/1987,$33.36
290,Imaginary Dog,Farra Bester,Universal regional Graphical User Interface,1/6/1971,$35.38
291,The Spanish Billionaire's Hired Bride,Warner Heppner,Reduced 5th generation open system,9/26/1984,$17.04
292,The Deception that Saw the Beasts,Tandie Louys,Operative upward-trending product,1/17/1982,$48.45
293,The Pink Fairy Book,Tulley Klugel,Networked optimal approach,7/15/1981,$5.55
294,Fighter! Fighter! Corkscrew Port!: Vivid Memories of Bomber Aircrew in World War Two,Tressa Leither,Multi-channelled bottom-line structure,7/16/1994,$27.07
295,The Reluctant Husband,Van Viscovi,Persevering fresh-thinking customer loyalty,7/8/1981,$22.98
296,Forgot Metronome,Goober Fishbourn,Organic 24/7 concept,11/19/1961,$12.97
297,Consuming Dracula,Daniel Gouck,Grass-roots foreground encoding,12/15/2012,$14.41
298,Once We Were Brothers,Carlo Arthur,Configurable global knowledge base,10/31/1973,$50.51
299,Into the Child of the Radient Book,Larry Aldam,Front-line leading edge access,5/26/2013,$40.72
300,The Great Coverup: Nixon and the Scandal of Watergate,Nanny Doelle,Profound systemic orchestration,3/16/1960,$12.07
301,The Cupid of Two Bloodline,Merilyn Carroll,Centralized real-time flexibility,1/22/1962,$34.71
302,Flying The Big Jets (4th Edition),Maria Minogue,Multi-channelled even-keeled pricing structure,10/4/1992,$20.04
303,Desired (Book #5 in the Vampire Journals),Hughie Margrett,Proactive motivating success,2/25/2000,$48.50
304,Chemistry With Calvin,Alair Tallet,De-engineered fresh-thinking function,11/10/1986,$48.87
305,Aztec Vials of Path,Rasla Aucourte,Up-sized secondary process improvement,3/16/1976,$11.20
306,Falling for Mr. Wrong: A Bencher Family Book,Brucie Pavy,Pre-emptive optimizing methodology,7/25/1970,$54.50
307,The Return,Celestia Whiscard,Inverse modular complexity,12/23/1982,$11.45
308,Quiet Nights,Liane Stormont,Adaptive context-sensitive flexibility,1/23/2016,$46.97
309,Unfaithful Snake of Dracula,Cacilia Lenglet,Virtual interactive ability,12/18/2013,$32.81
310,The Elements of Journalism,Stacia Olorenshaw,Streamlined zero administration strategy,7/22/1969,$47.68
311,Wolf and the Dove,Fanchette Izhak,Distributed multimedia utilisation,1/17/2007,$28.55
312,Chasing Trouble (a Chasing Love novel),Angelika Bram,Polarised modular moderator,12/6/1959,$14.75
313,Frozen Stiff,Ajay Chasemore,Exclusive background capability,12/3/1967,$34.97
314,A My Sleep In Tomb,Marchelle McCartney,Polarised 6th generation toolset,10/17/1975,$21.55
315,Flame in Special Dracula,Merv McCrudden,Business-focused full-range projection,7/6/1959,$52.25
316,Insurgent,Sandi Karp,Centralized background strategy,5/26/1990,$9.21
317,Holy Bible Text Edition NLT,Jewell D'Angeli,Inverse local migration,3/21/1962,$45.49
318,The Edge of Souls Tree,Lurline Oslar,Customizable national superstructure,2/19/1991,$21.92
319,On the Corrupt Rulers,Samson Mantram,Universal reciprocal forecast,3/7/1976,$20.79
320,TowerInsects,Ulla Cogswell,Business-focused 4th generation initiative,1/31/1965,$40.87
321,The Nothing Above the Woodcarver,Netty Barwis,Mandatory leading edge local area network,7/15/1987,$26.60
322,Seventeen Contradictions and the End of Capitalism,Cyndy Goudman,Integrated encompassing ability,2/14/1971,$41.30
323,The Deception of Iron Dome,Earl Driffill,Switchable motivating attitude,3/1/1978,$53.88
324,The Peripheral,Meade Smittoune,Focused static alliance,5/8/1969,$20.70
325,Keeping Faith,Tracey Chastelain,Open-source full-range challenge,3/29/1957,$19.36
326,The Carhart Series (An Enhanced Box Set),Ab Lickorish,Configurable fresh-thinking database,11/25/1956,$38.43
327,Inferno,Geoffry Gianetti,Proactive global conglomeration,9/13/1970,$48.96
328,Promise of Blood,Honor Elijah,Adaptive demand-driven attitude,11/26/1985,$27.59
329,The Secret to Success,Hermine Abel,Extended motivating implementation,11/10/1973,$17.39
330,Force Under Weaving Mars,Sherilyn Bawle,Visionary eco-centric moratorium,11/14/2002,$52.58
331,Vowed (Book #7 in the Vampire Journals),Burtie Cheeld,Inverse systematic encoding,1/2/1961,$23.95
332,Ran Hand,Nolana Bucksey,Seamless zero defect encryption,12/11/1971,$26.93
333,The Naked Duke,Clementius McKew,Object-based heuristic initiative,2/12/1990,$51.84
334,Dusk of Fire,Quill Cowpland,Focused clear-thinking circuit,4/23/2005,$28.52
335,Tomb Out of Lead Eye,Eduard Body,Reactive logistical solution,8/15/1972,$31.40
336,Presumed Guilty,Bernard Sartain,Optimized client-server database,5/11/1976,$11.40
337,The Intention and the Atlantis,Winthrop Labitt,Multi-lateral optimal open architecture,5/24/2016,$10.20
338,A Moment of Passion,Denny Bispo,Reactive methodical portal,10/29/1989,$6.56
339,10 Easy Steps to Strategic Planning,Dominick Burdge,Multi-lateral secondary moratorium,8/1/1961,$18.89
340,Curse of the Phoenix Bundle,Cynthea Rostron,Down-sized grid-enabled array,5/26/1986,$15.14
341,Breaking Dawn,Liam Jeannel,Progressive system-worthy parallelism,3/12/2013,$41.30
342,The Cthulhu's Devil,Berke Matthaus,Mandatory incremental customer loyalty,8/23/1989,$44.72
343,Finding Hope,Waldemar Gossart,Stand-alone intangible portal,4/24/1975,$7.31
344,The What Waits that Laughed the Inheritance,Burch Pester,Implemented full-range solution,12/26/1998,$9.71
345,You Can't Make This Up,Jany Selland,Robust full-range attitude,10/17/1999,$39.54
346,U.S. Navy SEALs,Adey Ridsdole,Assimilated background emulation,3/31/1985,$34.85
347,The Logic of Practice,Hughie Yves,Customer-focused heuristic alliance,5/7/1974,$37.15
348,Silent Victim,Dulcia Skermer,User-friendly foreground moderator,5/16/1982,$54.08
349,Eight Days to Live,Devondra Domico,Switchable holistic portal,3/26/1973,$17.43
350,Dimensional Shell of Comb,Jethro Chafney,Inverse cohesive structure,1/13/1972,$31.53
351,The God Delusion,Konrad Goldring,Fully-configurable neutral emulation,12/31/1971,$40.68
352,Style in the Technical and Tectonic Arts,Merci Errichelli,Pre-emptive scalable budgetary management,12/22/2005,$30.10
353,Nico's Fire,Roseanne Morsey,Customer-focused discrete middleware,7/22/2006,$43.58
354,The Elusive Wife,Town Godrich,Optimized heuristic interface,9/11/1969,$53.09
355,The Evolution of Cooperation,Abbe Hynard,Upgradable composite standardization,12/4/1999,$13.43
356,The Slave Next Door,Rod McFetridge,Inverse neutral open architecture,3/14/1966,$44.81
357,A Taste of Desire,Frants Hynes,Decentralized full-range internet solution,9/7/1954,$6.75
358,Chemistry With Calvin,Lilith Gobell,Total eco-centric matrices,7/5/1974,$39.04
359,Conquering Pirate,Marlow Paolozzi,Grass-roots leading edge website,8/26/1985,$50.42
360,Down and Dirty,Sarena Grouvel,Vision-oriented web-enabled forecast,12/31/1975,$48.41
361,Quinn,Aurlie Torrisi,De-engineered disintermediate policy,1/11/1970,$6.33
362,The Prophet,Brose Goalley,Vision-oriented solution-oriented knowledge user,2/2/1981,$7.81
363,Captive Bride,Delano Cordelette,User-friendly 4th generation customer loyalty,6/8/1962,$27.81
364,A Savage Sleepers On Shambler,Errol O'Howbane,Object-based tertiary concept,8/20/1956,$28.89
365,The Cruel Sea,Lyle Muttock,Reduced multimedia paradigm,8/23/1951,$7.82
366,Revenge Owns Mesa,Jasmine Lymer,Object-based well-modulated strategy,6/28/2006,$37.45
367,BETTIE PAGE 2: Adult Foto Files 2,Raeann Gratrex,Re-engineered asymmetric website,1/7/1955,$29.99
368,The Baron's Betrayal (Entangled Scandalous),Sherri Dubs,Cross-group explicit capacity,8/26/1968,$11.05
369,Learning The World,Teresa Hadlington,Grass-roots client-driven application,9/24/1999,$15.04
370,The New York Irish,Padraic Ramstead,Public-key object-oriented paradigm,6/17/2009,$48.53
371,High Heat: (A Jack Reacher Novella),Ado Nelthorp,Networked discrete flexibility,7/5/1957,$38.92
372,On the Road,Brigid Cleaveland,Streamlined foreground concept,10/22/2011,$33.52
373,The Other America,Christiane Condon,Future-proofed radical local area network,1/17/1950,$40.70
374,Through the Bible in One Year: A 52 Lesson Introduction to the 66 Books of the Bible,Philis Peracco,Organized human-resource core,5/16/1970,$6.81
375,After a Jewels with a Bloodline,Bernice Hoffmann,Integrated foreground emulation,9/3/1988,$6.59
376,Genesis,Farica Fermor,Ameliorated composite workforce,3/12/2001,$23.02
377,Bloodline in Shattered Nothing,Robby Eiler,Team-oriented mission-critical adapter,4/28/1957,$12.66
378,The Girl Next Door,Iorgos Prater,Inverse intermediate task-force,4/14/2009,$21.96
379,The Nowhere At the Hall,Kayne Fitzpayn,Sharable executive methodology,7/16/1979,$23.65
380,Toad Into Destroying Rules,Renae Corey,Open-architected dynamic functionalities,9/19/1962,$13.78
381,Beyond the Cotswold of the Hidden Monster-God,Tandy Alred,Configurable dedicated artificial intelligence,5/31/2014,$39.74
382,The Beast Above the Ticket,Tomi Soutter,Realigned next generation knowledge user,4/26/1981,$17.35
383,Dark Nightmare,Brittni Cadigan,Digitized context-sensitive groupware,10/24/1968,$7.96
384,The Season In,Norrie Di Lucia,Streamlined neutral customer loyalty,5/24/1963,$30.54
385,Shakespeare Cylinder,Flossie McGee,Persevering bi-directional monitoring,1/13/2011,$33.68
386,Eight Days to Live,Butch Burnitt,Re-contextualized fresh-thinking application,11/9/1951,$26.17
387,The Silent Twenty Hall,Shani Rooney,Seamless 4th generation forecast,2/28/1954,$35.78
388,Daylight,Efren Marfe,Front-line dynamic task-force,4/7/2004,$40.61
389,Changed by Sealed,Dennie Thoms,Adaptive interactive throughput,10/6/1979,$23.07
390,Hungry Like the Wolf,Danica Pointer,Persistent non-volatile contingency,7/16/1986,$24.45
391,The Vampiric Angelo,Dyna Sedgebeer,Synergized even-keeled focus group,1/24/1971,$44.71
392,The Loner: Brutal Vengeance,Phineas Freckleton,Re-contextualized high-level data-warehouse,4/12/2014,$17.13
393,Darkness in Dancing Zamboula,Rafi Killough,User-centric optimizing strategy,11/26/1960,$46.78
394,The Midnight Silent Feast,Marty Dutt,Cross-platform content-based hierarchy,10/30/1957,$26.45
395,Moonlight Mile,Verge Keemer,Progressive discrete contingency,8/23/2000,$48.35
396,The Power of Six,Tessy Goater,Fundamental static projection,9/22/1952,$17.30
397,Claire DeWitt and the Bohemian Highway,Sheeree Utridge,Customizable zero defect website,3/14/1959,$7.39
398,South Had the Hall,Lincoln Sames,Multi-channelled 6th generation protocol,11/13/1992,$25.24
399,How to Meditate: A Practical Guide to Making Friends with Your Mind,Glennis Borge,Configurable bandwidth-monitored conglomeration,3/20/1983,$45.20
400,The Hideous Mechanical Protest,Amy Lauret,Re-engineered tertiary knowledge base,6/19/2004,$52.95
401,Inheritance At Perfect Wings,Ade Mahaffey,Configurable mobile initiative,9/10/2012,$9.81
402,Matt Jensen,Erika Greaves,Realigned logistical frame,10/14/2001,$42.87
403,The Bridge Under the Different Soldiers,Giavani Vigers,Multi-layered multi-tasking adapter,12/2/2010,$52.74
404,The Bones For the Mountain,Bibby Klampt,Operative demand-driven protocol,10/29/1995,$36.94
405,Afterburn,Ewen Wasbrough,Operative client-server functionalities,6/29/1980,$31.82
406,Nowhere and Suicide,Mandel Solomon,Ameliorated high-level projection,12/8/1974,$30.74
407,The Return,Maitilde Dolphin,Realigned interactive productivity,12/26/1999,$9.39
408,Behemoth: Seppuku,Cami O'Doohaine,Down-sized web-enabled definition,3/26/1996,$54.01
409,Woman saves the world,Alexis Vanns,Team-oriented user-facing focus group,4/20/1985,$34.76
410,Remains of Innocence,Hillel Peace,Re-contextualized secondary matrix,7/14/1967,$17.24
411,Black Watch,Roderic Bessent,Optional interactive matrix,4/8/1988,$12.26
412,The Complete Beast House Chronicles,Gladi Beven,Switchable systematic core,1/2/1972,$8.31
413,Captive of Sin,Fidelio Gilliard,Persistent reciprocal project,7/20/2013,$34.06
414,Silencing Eve,Pauly Pawlaczyk,Secured 5th generation model,8/14/1999,$19.79
415,The Revolution With,Francyne Corkett,Secured encompassing encryption,3/26/1998,$9.88
416,Care of the Dying,Konrad Moynihan,Networked value-added algorithm,10/6/1954,$39.22
417,How to Lose a Bride in One Night,Corrie Lyddiatt,Diverse uniform budgetary management,11/7/1989,$5.39
418,Out of the Crisis,Solomon Jamson,Multi-layered multimedia firmware,2/2/1995,$15.66
419,The Tyranny of the Night,Atlante Marti,Multi-tiered attitude-oriented intranet,10/30/1982,$49.83
420,Island of Lost Girls,Madge Benian,Re-contextualized 5th generation ability,4/15/1963,$14.41
421,The Death-Defying Pepper Roux,Sibeal Godbold,Reactive content-based strategy,2/11/1973,$26.85
422,My Emily Dickinson,Kizzie Rycraft,Persistent leading edge projection,4/26/2008,$7.88
423,Death Tidies Up,Levey Domoney,Enhanced directional productivity,2/9/1961,$34.58
424,The Filter Bubble,Mozes Baseley,Customer-focused analyzing product,6/28/2008,$9.56
425,Blog Night,Nestor Beardon,Stand-alone bifurcated data-warehouse,1/29/1968,$20.57
426,Lord of the Flies,Ignazio Haig,Configurable mission-critical challenge,2/8/1993,$47.75
427,Fighter! Fighter! Corkscrew Port!: Vivid Memories of Bomber Aircrew in World War Two,Randell Weightman,Vision-oriented zero defect encoding,8/14/1992,$8.93
428,Faerie Changed the Skunk,Ricky Arlt,Grass-roots hybrid leverage,10/10/1976,$19.98
429,A Mad Lamia For Moon,Kelby Taffarello,Universal local matrices,5/14/2015,$38.78
430,Geronimo Stilton #9: A Fabumouse Vacation for Geronimo,Hattie Foad,Assimilated analyzing Graphical User Interface,5/16/1999,$27.23
431,Frozen Paladins,Lionello Coppins,Reactive multi-tasking customer loyalty,12/15/1965,$18.77
432,Age of Iron,Pepillo Ghost,Optimized encompassing focus group,12/31/1997,$5.06
433,Everything To Lose (The Rookie Club,Hymie Gothrup,Profound logistical system engine,12/1/1968,$27.39
434,Crimes of the Art World,Clark Swoffer,Monitored non-volatile concept,1/16/1970,$26.56
435,THE RACE BETWEEN EDUCATION AND TECHNOLOGY,Cairistiona Harlett,Secured 6th generation projection,2/1/1974,$12.45
436,The Miniaturist,Cos Fitchet,Secured well-modulated focus group,11/16/1983,$42.17
437,Redshirts,Asa Siman,User-friendly content-based analyzer,6/14/1973,$27.29
438,Dream Chaser,Chandal Laurens,User-friendly maximized access,10/7/1992,$27.91
439,Survivors is English,Izzy Mundy,Versatile radical definition,12/5/1961,$10.39
440,Backward,Jacquenetta Maillard,Reverse-engineered fault-tolerant hardware,9/11/1979,$37.41
441,The Way of the Dragon,Marlie Brack,Programmable scalable synergy,1/29/1956,$5.04
442,Automatic Song,Irwin Tainton,Fundamental heuristic pricing structure,2/16/2014,$34.13
443,The Abbey of Haunting Tsan-Lo,Jaye Rugge,De-engineered web-enabled conglomeration,5/26/1966,$5.07
444,The Reluctant Suitor,Bernelle Blanchet,Virtual 3rd generation complexity,4/24/1963,$11.95
445,When You Give a Duke a Diamond: [series title]The Fallen Ladies,Eba Parr,Optimized client-driven leverage,12/21/1961,$45.43
446,The Einstein of Unseen Exile,Arabel Bonde,Integrated optimizing challenge,12/1/2005,$36.95
447,The Rabbit After the Armageddon,Marris Van den Velden,Optional eco-centric moderator,10/11/2002,$35.26
448,Marauder,Karalee Hasel,Multi-tiered disintermediate data-warehouse,5/25/1964,$48.77
449,Ringturn,Kelli Perrone,Balanced disintermediate archive,9/21/1951,$19.84
450,Out of a Day with a Snake,Ealasaid Pietron,Automated client-driven methodology,9/4/2004,$40.45
451,The Billionaire Biker,Cristie Lasty,Business-focused eco-centric parallelism,10/16/1969,$38.52
452,WaterColors,Jarret Leeuwerink,Quality-focused regional utilisation,12/5/1992,$14.24
453,Tricked Cthulhu,Nancy Gaenor,Versatile multi-state application,6/9/2005,$47.28
454,Last Doctor On Unfaithful Sealed,Morgun Delap,Ergonomic bi-directional hub,9/17/1961,$40.91
455,Empath,Lorri Monery,Horizontal discrete website,8/25/1993,$14.78
456,Keeping Faith,Bear Crowne,Centralized national website,10/30/1988,$19.93
457,The Quest the Reckless Killed,Kati Notton,Synergistic fresh-thinking implementation,11/13/2002,$18.41
458,Down and Dirty,Wilmar MacRorie,Quality-focused impactful solution,8/9/1989,$6.87
459,A History of Economic Thought,Fairfax Deeble,Advanced fresh-thinking emulation,4/20/1973,$34.98
460,Green,Brewer Farrears,Fully-configurable 4th generation capacity,4/19/1953,$41.06
461,The Scream that That Never See Angel,Felike Ream,Realigned next generation initiative,3/13/2002,$10.85
462,The Checklist Manifesto,Cleo Armatidge,Advanced scalable conglomeration,7/17/2006,$14.55
463,Stay in Your Own Back Yard,Kiah Chastanet,Cross-platform motivating data-warehouse,5/2/1972,$15.82
464,I Am Not a Slut,Liuka Burman,Total transitional extranet,12/3/1950,$5.69
465,Darkness Revealed,Elaina Maurice,Compatible disintermediate hardware,4/18/1992,$11.69
466,Trusting God: Even When Life Hurts,Roselin Champe,Customer-focused real-time extranet,7/15/1991,$16.23
467,The Golden Reef,Rayna Clampe,Open-source next generation policy,9/3/1973,$13.12
468,Seduced Madness,Bree Oxe,Synchronised asymmetric instruction set,2/11/2016,$24.21
469,Aztec Vials of Path,Brien Speariett,Versatile asynchronous strategy,1/12/2014,$28.14
470,The Coming of the New Deal,Minor Fenck,Reduced clear-thinking throughput,6/15/1998,$37.60
471,Face of the Maiden,Pavel Allon,Fully-configurable background capability,8/13/1971,$19.90
472,The Horde that Shall Dream Bullet,Paolo Poyle,Cloned regional core,5/22/1975,$39.65
473,100 Great Leadership Ideas,Elyn Bastie,Re-contextualized needs-based neural-net,2/19/1969,$53.88
474,Cold Priestess,Vicki Tregaskis,Proactive bottom-line moderator,3/1/1953,$16.11
475,The Naked Marquis,Amery Jindra,Optimized radical pricing structure,3/14/2004,$14.16
476,The Patch that Should Not Speak,Zena Corten,Triple-buffered bifurcated installation,11/28/1962,$15.86
477,Bad Napoleon,Maurits Karpf,Customer-focused directional secured line,7/3/1997,$37.68
478,A Inheritance of Lovecraft,Clair O'Kinneally,Configurable bi-directional migration,2/22/2006,$23.12
479,Trust Me,Nanette Haggath,Open-architected directional support,12/13/1958,$15.17
480,For the Win,Filberte Lorrie,Right-sized analyzing success,5/30/1999,$32.04
481,The Sorcery of the Kitchen,Muffin Petkens,Profound global workforce,4/20/1994,$13.59
482,Fifty Shades Freed,Cathi Banks,User-centric asymmetric internet solution,12/19/1976,$38.72
483,Tricked by Kings,Mora Bonehill,Triple-buffered 3rd generation support,12/22/1950,$39.71
484,Owning the Labyrinth,Alejandro Askham,Re-contextualized 24/7 monitoring,1/28/1995,$6.77
485,A Year with Rumi,Peg Olliar,Ameliorated transitional system engine,5/19/1961,$22.63
486,The Mad Hideous Wax,Rozina Elvish,Decentralized scalable monitoring,1/28/2018,$33.72
487,Last Doctor On Unfaithful Sealed,Phylis Antosch,Persistent even-keeled product,8/13/1996,$41.25
488,The Hunger Games,Gracia Clutheram,Customer-focused interactive approach,8/6/1992,$7.13
489,Selling to Anyone Over the Phone,Jeniece Pummell,User-friendly bandwidth-monitored moderator,1/25/1991,$21.37
490,Battleship,Marcy Mountfort,User-friendly bi-directional extranet,1/31/2008,$8.00
491,Honor's Gunsmoke,Anthony Longcaster,Front-line asymmetric instruction set,3/22/1988,$12.57
492,Forgot Metronome,Babette Echlin,Quality-focused transitional workforce,6/13/1983,$54.92
493,The Spawn's Case,Elle Artis,Synchronised bottom-line leverage,2/5/1998,$35.26
494,The Importance of Being Earnest,Jori McSweeney,Robust attitude-oriented internet solution,12/11/1993,$26.44
495,Silence in the Big Bad Wolf,Blithe Casperri,Organic client-server groupware,12/14/1971,$23.69
496,Community and Organization in the New Left,Benson Chessel,Front-line non-volatile challenge,10/17/1972,$25.20
497,The March's Patrol,Kathye Gore,User-friendly zero administration algorithm,6/14/1973,$26.43
498,Blog is Closing,Ivy Reburn,Enhanced discrete flexibility,8/10/2000,$31.54
499,Betty Page: The Adult Foto File,Alikee Gerrans,Reverse-engineered 5th generation projection,2/19/1955,$39.91
500,Death Tidies Up,Brianna Jolland,Phased solution-oriented challenge,1/28/1975,$31.20
501,Elf,Ronnie Whear,Compatible upward-trending challenge,3/6/1973,$26.75
502,Without Fail,Corey Gooderidge,Horizontal directional info-mediaries,11/13/1984,$19.33
503,The People and the Rabbit,Raddie Shufflebotham,Implemented real-time adapter,5/20/2006,$44.39
504,The Gambit of the Garden,Helena Grinin,Organic leading edge attitude,5/20/1982,$52.14
505,The Slave Next Door,Padraic Francello,Total background concept,2/3/1993,$18.05
506,Ian McEwan's Atonement,Ginny Biford,Polarised client-driven portal,5/24/1992,$7.28
507,The Hunger Games,Sarette Jendrusch,Digitized 5th generation task-force,9/16/1956,$28.34
508,Regeneration,Paloma Seggie,Operative mission-critical project,12/13/2012,$53.71
509,The March's Patrol,Reba Annetts,Customer-focused high-level array,2/8/1955,$44.82
510,Hung to Embrace,Raymond Lodwick,Total regional attitude,1/25/1950,$23.20
511,Cold Priestess,Iona Paulley,Business-focused actuating solution,4/9/1972,$51.79
512,With the Amazing Mind,Silvia Bethel,Stand-alone context-sensitive installation,11/7/1979,$19.61
513,Lord of Wicked Intentions,Carl Le Huquet,Persistent zero tolerance functionalities,7/14/1951,$41.91
514,Mine to Possess,Ari Biddell,Re-engineered holistic framework,8/11/1955,$51.34
515,The Cost of Discipleship,Katya McGoldrick,Right-sized value-added challenge,11/23/1984,$41.24
516,Priceless: Curing the Healthcare Crisis,Nannette Hewins,Distributed multimedia functionalities,1/11/1977,$18.36
517,Stand On Zanzibar,Terencio Labusquiere,Robust attitude-oriented data-warehouse,1/21/1955,$40.02
518,Long John Silver Tricks Bronze,Kevon Deinert,Integrated zero tolerance throughput,11/11/1981,$42.75
519,Breaking Dawn,Toddy Chew,Synchronised optimal website,11/10/1953,$47.02
520,Leave the Lights On,Galvin Farmloe,Customizable object-oriented open system,6/1/1996,$7.00
521,The Greatest Invention in the History of Mankind Is Beer: And Other Manly Insights from Dave Barry,Erik Rattenberie,Ameliorated grid-enabled focus group,4/12/1977,$44.97
522,Quarterback Draw: Play-By-Play Book 9,Alexandr Danes,Future-proofed client-server paradigm,9/15/1975,$16.20
523,Light A Penny Candle,Gare Gamble,Open-source incremental help-desk,9/19/1967,$45.71
524,Beasts For Lead Moonlight,Faber Buntine,Optimized client-driven functionalities,9/14/1957,$34.15
525,The Waning of the Middle Ages,Serge Vigar,Multi-tiered transitional core,11/2/1985,$6.49
526,The Cold that Shall Chain,Gerry Halpen,Upgradable empowering internet solution,1/18/1998,$35.90
527,The Quantum Thief,Doralia Gripton,Digitized 4th generation solution,10/20/2013,$24.17
528,Crimes of the Art World,Ferdinande Powrie,Implemented systematic software,10/14/2012,$37.87
529,Getting Past the Affair,Caritta MacGibbon,Mandatory neutral encoding,11/23/1982,$30.76
530,Chain Chains Devils,Ban Troyes,Open-architected well-modulated contingency,4/9/1985,$54.29
531,Mind Games,Arel Naton,Face to face 24/7 array,1/26/1952,$42.81
532,The Utopia Experiment,Brunhilda Iddons,Configurable well-modulated benchmark,10/4/1983,$21.20
533,Player Built the Darkness,Regen Calverley,Streamlined asymmetric interface,8/25/1981,$22.33
534,Peaches And Screams,Charmaine Witling,Re-engineered scalable frame,12/18/1974,$17.88
535,The Spare Invisible Heroes,Ginni Blair,Multi-lateral secondary hardware,2/25/1963,$30.43
536,A Steam of Chain,Mabelle Malby,Inverse uniform info-mediaries,1/8/1962,$7.54
537,What the Best College Teachers Do,Nathaniel Jovicevic,Configurable explicit parallelism,5/10/1950,$34.60
538,The Claim of the Third Raw Graveyard,Luigi Covotti,Balanced multimedia focus group,4/21/1980,$10.29
539,Changing the Caverns,Margaretta Calfe,Implemented background functionalities,1/6/2006,$8.24
540,The Agoroman Weirds,Zacharia Jayes,Cloned tangible secured line,7/13/1954,$22.03
541,The Holy Bible: Old and New Testaments,Lurlene Moakson,Total background solution,12/15/1971,$17.07
542,The Man Who Loved Dogs,Salomone Holtaway,Customer-focused modular strategy,10/12/1997,$12.74
543,The Causal Angel,Eleonore Windridge,Balanced intermediate model,11/8/1960,$15.10
544,Betty Page: The Adult Foto File,Sherwynd Onians,Vision-oriented tangible moderator,12/13/1950,$18.42
545,Night At Atomic Doctor,Angelia Greger,Diverse 3rd generation methodology,9/23/2015,$41.44
546,The Accidental War,Remy Bortoluzzi,Open-architected 24 hour hub,8/4/1952,$40.87
547,Joan of Arc,Smith Geldard,Optimized maximized parallelism,1/17/1994,$27.37
548,The New York Irish,Hatti Bengoechea,Operative contextually-based framework,5/7/1974,$43.30
549,Out of a Mystery with a Parlor,Konstantin Antcliff,Programmable fault-tolerant website,7/9/1982,$36.81
550,Pietr the Latvian,Viviyan Neilands,Synergistic human-resource orchestration,12/10/1997,$30.12
551,Stirring Up Trouble,Dasha Breedy,Mandatory full-range initiative,3/23/1999,$27.10
552,The Position Sex Bible,Dewie Farthin,Open-architected upward-trending product,2/2/2015,$7.42
553,Devil's Manhunt,Cindy Bellerby,Face to face motivating software,11/29/1999,$8.49
554,The Girl of the Strange Evolution,Gale Breach,Virtual asymmetric system engine,1/23/2015,$14.51
555,Through the Bible in One Year: A 52 Lesson Introduction to the 66 Books of the Bible,Vance Devonside,Future-proofed disintermediate initiative,11/24/1988,$27.37
556,Seeing the Hour,Gasper Macoun,Phased high-level policy,7/27/1959,$46.68
557,Bard's Oath,Vasilis Ralston,Optional stable strategy,9/16/1961,$9.51
558,The Prey that Would Not Own Captain Nemo,Jackquelin Tudhope,Realigned composite focus group,2/4/1972,$26.03
559,The Club's Dracula,Petunia Huyghe,Enhanced empowering architecture,1/29/1991,$5.65
560,Thai Stick: Surfers,Megen Bossons,Enterprise-wide intermediate monitoring,4/8/1973,$49.38
561,The Accidental War,Vitia Gatherell,Versatile global help-desk,11/30/1993,$6.87
562,Hungry Like the Wolf,Deedee Lively,Optimized encompassing frame,7/21/2007,$55.00
563,Gone Tomorrow,Vanni Cudworth,Grass-roots system-worthy methodology,4/6/1994,$32.50
564,Falling for Mr. Wrong: A Bencher Family Book,Peirce Daubney,Exclusive radical array,1/29/1992,$49.02
565,The Sexual Contract,Chrissie Piffe,Triple-buffered bi-directional moratorium,5/26/1955,$13.30
566,Blog is Closing,Marlo Phillput,Diverse client-driven Graphic Interface,12/29/1997,$45.65
567,Code of the Street: Decency,Shepperd Colleck,Assimilated empowering productivity,6/25/1978,$36.60
568,The Pasteurization of France,Cosimo Twelvetree,Balanced leading edge ability,10/31/1998,$23.87
569,The Florians,Kirsteni Long,Versatile fresh-thinking secured line,7/8/1993,$26.46
570,The Death and Life of Great American Cities,Norene Sackler,Reduced foreground matrices,2/26/1986,$31.10
571,Shattered,Park Lorraway,Polarised radical time-frame,1/28/1984,$22.55
572,BETTIE PAGE 2: Adult Foto Files 2,Elijah Duthy,Enhanced non-volatile frame,2/21/1965,$46.70
573,The Ultimate Guide to Bitcoin,Donny Coddrington,Enterprise-wide non-volatile open architecture,6/25/1991,$40.52
574,Survivors is English,Isaiah Aguirrezabal,Horizontal impactful productivity,11/3/1974,$37.77
575,The Loner: The Blood of Renegades,Ford Silversmid,Decentralized multi-state product,11/4/1974,$19.98
576,The World in Depression,Lauretta Dunford,Persistent incremental project,3/8/1981,$7.28
577,Out of the Crisis,Gerty Just,Self-enabling system-worthy standardization,1/29/2001,$34.28
578,Taking Cover (Mills & Boon Vintage Intrigue),Arv Todeo,Profit-focused dedicated standardization,3/31/1990,$27.25
579,Crossing the Shadow,Eva Westfalen,Diverse content-based alliance,12/14/1965,$18.92
580,The Manhattan of Copper Long John Silver,Wynne Mullenger,Total multi-tasking knowledge base,2/27/1966,$34.70
581,The Last Dance and Other Stories,Natal Fawdery,Synergized analyzing migration,2/4/1986,$22.81
582,On the Corrupt Rulers,Xavier Waberer,Mandatory radical hierarchy,1/10/2000,$37.84
583,Butchery of the Mountain Man,Stephan McCall,Robust disintermediate model,10/6/1952,$18.51
584,Genesis,Arden Burgiss,Persistent leading edge policy,1/22/1992,$43.45
585,The Names's Magic,Arther Najara,Grass-roots next generation application,1/16/1967,$36.01
586,Dream Chaser,Neysa Isacq,Triple-buffered fault-tolerant service-desk,1/31/1981,$43.79
587,The Position Sex Bible,Issi Nerger,User-friendly clear-thinking workforce,6/19/1965,$52.56
588,One Last Battle for the Twin Suns,Lexine Salan,Expanded encompassing ability,2/18/1951,$40.84
589,The Name Of The Rose,Phillis Cordeix,Persevering web-enabled website,9/8/2007,$16.20
590,Without Fail,Beverie Skones,Fully-configurable human-resource product,1/16/1973,$27.48
591,The Republic of Plato,Saunderson Gerram,Progressive grid-enabled internet solution,9/3/1957,$34.28
592,Apocalypse in Daylight Force,Tiphany Jeffries,Streamlined client-driven data-warehouse,1/4/1974,$18.03
593,Bitten & Smitten,Kelsey Kloss,Customizable responsive methodology,1/25/2001,$18.34
594,The Silence With the Variable Human,Aurie Jorger,Open-architected eco-centric implementation,6/22/1975,$7.40
595,Tricked to Run,Karim Blewmen,Switchable exuding definition,4/11/1969,$7.82
596,The Coming of the New Deal,Latrina O'Keeffe,Future-proofed intangible attitude,4/22/2014,$54.75
597,The American Revolution,Ashlee Ridolfi,Robust full-range groupware,12/10/1950,$15.96
598,Woman saves the world,Cyrillus Junes,Expanded motivating paradigm,7/14/1954,$29.13
599,South is English,Kelsey Halksworth,Monitored 6th generation contingency,7/16/1958,$54.63
600,Thief's Magic,Colan Morrieson,Organized incremental matrix,12/2/2015,$37.15
601,Warriors,Kizzee Janc,Seamless directional budgetary management,11/26/1992,$33.11
602,A Secret Grave Above Sun,Hobie Von Salzberg,Self-enabling modular instruction set,2/5/1969,$8.28
603,The Thing Into,Regan Brian,Programmable background info-mediaries,4/22/1972,$22.26
604,The Taming of Chance,Deni Skelding,Function-based bottom-line budgetary management,9/11/2008,$45.33
605,Owning the Labyrinth,Marcela Shrubsall,Advanced stable neural-net,9/11/1979,$43.46
606,The Marriage Ring,Alwyn Bonhan,Enterprise-wide heuristic hardware,3/18/1990,$13.80
607,Never Been Kissed,Meredeth Howgate,Persevering disintermediate open architecture,1/24/1997,$9.42
608,The Historian's Craft,Lizbeth Dahlback,Universal intermediate productivity,1/6/1953,$49.82
609,The Gambit of the Garden,Rivy Ivashev,Universal foreground Graphical User Interface,11/11/1961,$31.05
610,The Darkness of the Noble Science,Kalina Evison,Inverse bifurcated secured line,4/23/1993,$8.30
611,Take What You Want,Sandro Casellas,Fully-configurable motivating support,8/14/1954,$27.78
612,Fighter! Fighter! Corkscrew Port!: Vivid Memories of Bomber Aircrew in World War Two,Ephrayim Neill,Function-based 5th generation core,4/2/1961,$46.42
613,Icing Ivy,Cherilyn Rushby,Balanced dedicated help-desk,6/25/1950,$23.42
614,The Heat Is On (Mills & Boon Blaze),Gina Janton,Integrated encompassing solution,8/24/1997,$36.63
615,The Carhart Series (An Enhanced Box Set),Randi Dimmack,Programmable disintermediate initiative,3/29/1981,$7.04
616,Monster-God With Clockwork Inheritance,Iago Tremollet,Universal contextually-based ability,8/18/1981,$46.99
617,Daylight Adventure Above Closed Desert,Vidovik Nutt,Public-key eco-centric matrices,8/24/2005,$21.08
618,The Death-Defying Pepper Roux,Madel Scoffham,Compatible 5th generation info-mediaries,4/9/1971,$29.27
619,Boy Spoke,Marie-jeanne Rizzardo,Visionary actuating attitude,6/3/1979,$45.95
620,Polar Shift,Sophey Pretor,Face to face actuating pricing structure,8/31/2017,$14.80
621,The Return: A Titan Novel,Raymund Shorter,Automated object-oriented knowledge user,3/23/1977,$10.07
622,Hand Murdered the Earth,Jo McErlaine,Optional transitional middleware,3/26/1953,$35.90
623,Presumed Guilty,Thacher Cattle,Organic human-resource open architecture,12/19/1965,$22.14
624,End of Days,Lyssa Skelcher,Persistent explicit approach,3/11/1966,$8.91
625,The Suicide of the Different Mind,Cayla Winthrop,Decentralized impactful capability,3/3/2004,$16.41
626,Top 7 Personality Challenges: Successful Communication Secrets for Differing Personality Types,Augustin Block,Optimized mission-critical alliance,9/9/1951,$18.37
627,Colliding With Destiny: Finding Hope in the Legacy of Ruth,Benedicta Bunclark,Quality-focused even-keeled definition,11/16/1966,$34.26
628,The Hyborian and the Hour,Gamaliel Azema,Diverse 3rd generation data-warehouse,12/17/1976,$8.71
629,The Lady's Disgrace,Alaric Baitman,Fundamental encompassing complexity,6/3/1962,$43.33
630,Bad Napoleon,Giuditta Draisey,Seamless context-sensitive capability,1/4/1982,$11.57
631,Devil's Bride,Meade Lorentz,Digitized grid-enabled database,2/12/1972,$36.47
632,The Farm House On the Velvet Abbey,Meade Yesenev,Balanced even-keeled forecast,5/5/1987,$25.02
633,The 20/20 Diet: Turn Your Weight Loss Vision Into Reality,Cathryn Billion,Re-contextualized mission-critical artificial intelligence,5/16/1981,$6.66
634,The Bus that Should Run,Nevil Bolletti,Enterprise-wide incremental extranet,11/23/1974,$40.33
635,It's In His Kiss,Baldwin Ambrosetti,Balanced object-oriented task-force,7/3/1976,$50.60
636,Above the Six Neighbors,Conant Gricewood,Grass-roots fresh-thinking matrices,3/12/1975,$12.94
637,The Tsan-Lo With the Silver Hitler,Sharai Argente,Programmable multi-tasking attitude,10/18/2008,$27.98
638,The Overthrow of Colonial Slavery,Rana Mehaffey,Digitized zero defect capacity,12/27/1988,$9.12
639,The Quantum Thief,Mar Mateo,Seamless multi-state benchmark,9/4/1975,$22.37
640,Darkfever,Georgy Badsey,Focused systemic product,1/2/1969,$25.28
641,The Man Who Knew Too Much,Rochell Sergeant,Automated mobile functionalities,7/10/2016,$51.69
642,The Lady's Disgrace,Camey Mendes,Open-source multimedia portal,6/5/1976,$16.44
643,Counterclockwise,Grazia Sharland,Reactive logistical success,11/12/2017,$8.20
644,A Delicate Truth,Dorian Barcke,Extended demand-driven emulation,4/11/2002,$18.78
645,Casebook,Mikey Arnaldi,Ameliorated 5th generation access,9/27/1953,$15.69
646,Ran to Own,Kevan Grantham,Inverse multi-tasking groupware,7/18/1995,$26.61
647,Vampire Academy Books 1-3,Lorri Ellwood,User-centric contextually-based strategy,1/12/1965,$45.78
648,The Tree's Childhood,Letisha Worters,Horizontal value-added Graphical User Interface,8/5/1978,$22.01
649,Pure,Rutter Rosenboim,Grass-roots web-enabled groupware,7/29/1969,$49.95
650,The Duke's Quandary,Ophelie Curnock,Adaptive demand-driven hub,9/3/1950,$7.07
651,Colliding With Destiny: Finding Hope in the Legacy of Ruth,Yves Byneth,Reverse-engineered empowering conglomeration,9/26/1957,$20.14
652,The Barsac that That Laugh Child,Halley Bleibaum,Right-sized background customer loyalty,3/18/1960,$18.88
653,Laugh Skull,Savina Yakebovitch,Intuitive zero defect info-mediaries,3/2/1970,$8.41
654,The Alchemist - 10th Anniversary Edition,Codie Boylin,Cross-platform user-facing paradigm,8/5/1954,$12.29
655,Helter Skelter,Denny Pamphilon,Switchable optimizing secured line,3/1/1951,$49.63
656,The Culture of Education,Imogene Castleton,Visionary bandwidth-monitored leverage,12/14/1985,$42.33
657,The Foundations of Social Research,Ethelbert Siddele,Triple-buffered context-sensitive flexibility,11/21/1995,$18.84
658,The Holy Bible: Old and New Testaments,Ber Meiner,Balanced logistical data-warehouse,12/6/1984,$45.94
659,A Six Mystery With Window,Chelsie Limpenny,Triple-buffered real-time toolset,6/19/1986,$7.95
660,Steam-Powered Cthulhu,Cheri Beagin,Customizable transitional policy,2/1/1966,$36.88
661,Monster-God Return,Tad Gash,Optimized intermediate intranet,2/28/2015,$8.08
662,The Mars the Dream Hung,Rafi Luis,Seamless 3rd generation core,6/3/1967,$46.07
663,The Elephant Whisperer,Ferne Harriss,Stand-alone hybrid policy,4/6/1954,$51.00
664,The Voice of the Forever Demon,Guthrey Heibl,Fundamental modular migration,9/15/1996,$51.87
665,Home in the Horde,Roderick Grinley,De-engineered analyzing moderator,6/24/2009,$33.26
666,Missing Mata Hari Beyond Cosmic Case,Munroe Lanfer,Right-sized real-time database,7/29/1998,$54.97
667,Phantom,Jaquelyn De Beauchemp,Innovative responsive benchmark,3/15/2004,$18.33
668,Birds in Destroying Ticket,Bo Sherwin,Virtual secondary product,12/11/1967,$27.25
669,Let's Go to the Beach,Costa Bearward,Organic dedicated attitude,5/10/1976,$48.00
670,The Prey the Joan of Arc Came,Chico Swinyard,Networked cohesive knowledge base,10/10/1971,$50.05
671,The Freedman in the Roman World,Hinda Badder,Open-source secondary synergy,4/22/1975,$49.96
672,A Dead-Alive Avenger After Glass,Rebekah Gladdish,Managed leading edge application,4/20/2017,$43.04
673,Souls Guns Beyond Edible Hieroglyph,Sherie Notman,User-friendly 24 hour emulation,5/11/1966,$53.11
674,Daylight,Donalt Gunning,De-engineered transitional solution,3/7/2004,$14.09
675,WaterColors,Granville Whitsey,Open-source attitude-oriented hierarchy,7/17/2011,$53.58
676,Ringturn,Lynde Weatherby,Managed bifurcated info-mediaries,7/3/1958,$28.54
677,Beyond the Cotswold of the Hidden Monster-God,Elyssa Davydkov,Sharable needs-based algorithm,8/8/2010,$7.18
678,Halo: Contact Harvest,Sybil Musla,Pre-emptive 4th generation hardware,3/15/1959,$19.65
679,Curse of the Phoenix Bundle,Cornelius Skitterel,User-friendly exuding synergy,4/27/1993,$45.21
680,Bloodlines,Arlyn Igonet,Assimilated zero administration flexibility,4/24/1997,$51.58
681,The Death Penalty in America,Alleen Warstall,Persevering homogeneous Graphical User Interface,10/29/1981,$45.48
682,A Mad Lamia For Moon,Lisle Bollans,Advanced heuristic local area network,11/12/2012,$45.33
683,The Dead Sea Deception,Julita Scroyton,Decentralized 3rd generation matrix,12/19/1955,$30.42
684,The Uncommon Woman,Dorolisa Gounod,Extended hybrid matrices,8/14/2002,$20.78
685,The Insects the Wrath Went,Javier Franchioni,Secured static knowledge user,4/28/1997,$31.00
686,Clean Eats,Hester Brok,Seamless 6th generation benchmark,10/24/1962,$38.96
687,A Secret Love,Lilia Seneschal,Programmable fresh-thinking open architecture,9/24/1974,$5.29
688,Dark Desire,Ross Grinsted,Synergized intangible infrastructure,8/1/2014,$25.52
689,ThievesChance,Lemuel Snewin,Distributed 24/7 emulation,11/27/1964,$38.68
690,The Lord's Wyatt,Axe Prichard,Advanced coherent paradigm,6/10/2004,$14.84
691,Quicksilver,Johnathon Pinkstone,Re-contextualized object-oriented neural-net,3/4/1991,$16.90
692,Quarterback Draw: Play-By-Play Book 9,Magdalena Purver,Open-architected tertiary data-warehouse,1/12/2006,$52.30
693,Priestess is Uncommon,Almeria Pummell,Function-based methodical encoding,12/2/1987,$33.21
694,Doctor is Cosmic,Devan McGowran,Devolved disintermediate website,12/4/1952,$52.49
695,Forget Wrath,Engelbert Bathowe,Expanded background secured line,8/17/2000,$50.07
696,Helter Skelter,Sergent Seagar,Fully-configurable responsive implementation,11/13/1965,$40.87
697,Da Vinci Chains Salvage,Tani Tomblings,Persevering national function,6/10/1967,$38.69
698,Dark Matter,Mark Bianco,User-friendly fault-tolerant implementation,10/5/1997,$10.12
699,With the Metronome of the English Watcher,Ashly Francesconi,Front-line encompassing capability,9/15/1974,$38.93
700,Never Surrender to a Scoundrel,Derward McGilben,Pre-emptive motivating toolset,3/4/1979,$13.96
701,A Beautiful Surrender,Clay Westgarth,Realigned homogeneous budgetary management,5/3/1992,$45.44
702,The Copper Wall,Oralia Firbanks,Horizontal 24/7 access,4/29/1988,$7.33
703,Natural Enemies,Kerrill Double,Virtual secondary focus group,11/17/2007,$24.93
704,The Iron Cylinder,Toni O' Clovan,Object-based grid-enabled intranet,11/22/1975,$7.52
705,The Frozen Silver Tsan-Lo,Stephi Dedman,User-centric directional encoding,11/30/1967,$52.14
706,People Owns Mask,Elaine Lorraine,Diverse attitude-oriented pricing structure,7/26/1982,$24.69
707,Lonely Planet Iceland,Mariann Di Batista,Multi-lateral hybrid local area network,7/23/2015,$45.20
708,The Iron Wayward Snake,Carie McKevany,Streamlined eco-centric structure,10/6/2010,$5.68
709,The Elements of Journalism,Jed Makeswell,Cross-platform intangible model,5/16/1977,$49.89
710,Her Lone Wolf,Greta Rosenfield,Compatible systemic task-force,9/8/1997,$30.80
711,The March and the Place,Danella Gadsby,Visionary discrete access,8/9/2011,$7.24
712,Shadow of the Wolf,Kristopher Mariette,Pre-emptive human-resource encoding,7/18/1970,$25.50
713,When Honey Got Married Bundle,Ellery Wingatt,Distributed local website,1/28/1950,$37.08
714,The Music-Box of the Soldiers,Gabby Hoodlass,Cross-group multi-state website,8/4/1992,$31.34
715,What Got You Here Won't Get You There: How successful people become even more successful,Devlen Streets,Balanced didactic Graphic Interface,6/3/1983,$43.60
716,The Promise,Lincoln Jorio,User-friendly coherent challenge,8/16/2014,$54.44
717,Woman saves the world,Moses Durston,Configurable global firmware,1/24/1984,$10.38
718,Notorious,Phil Northbridge,Digitized dedicated access,2/26/2012,$40.78
719,The Pantheon,Stephana Jurgenson,Virtual explicit customer loyalty,3/3/1981,$47.77
720,The Hymnal 1982: Basic Singers,Drew Hatherley,Virtual intangible matrices,6/26/1991,$45.96
721,Deepening Your Roots in God's Family: A Course in Personal Discipleship to Strengthen Your Walk with God,Bart Westmacott,Down-sized fault-tolerant function,10/20/1984,$47.95
722,The Death and the Floor,Dwight Haverty,Digitized hybrid capacity,7/17/1969,$51.61
723,Matt Jensen: The Last Mountain Man Snake River Slaughter,Tamera Delleschi,Function-based well-modulated focus group,10/14/2006,$34.72
724,Early Warning,Jenilee Mateo,Pre-emptive object-oriented leverage,10/22/2009,$47.08
725,The Home that Embraced the Labyrinth,Courtnay Hemerijk,Polarised directional core,1/21/1990,$27.14
726,Crime and Thriller Writing: A Writers' & Artists' Companion,Demetris Keniwell,Object-based 24/7 structure,10/7/1960,$15.29
727,Chasing Trouble (a Chasing Love novel),Bryce Chesher,Configurable exuding array,3/20/1980,$21.69
728,Shell of Club,Gunar Braden,Progressive reciprocal array,9/16/1997,$17.89
729,Cereal Killer,Cherin Wadlow,Synchronised next generation installation,10/25/1976,$39.65
730,Neighbors Kings,Margette Janoch,Pre-emptive analyzing website,8/13/1950,$43.35
731,Tesla Chased,Alessandro McLafferty,Synergized optimizing leverage,12/7/1977,$5.37
732,Bites in the Empire,Malva Rainy,Customer-focused 5th generation contingency,5/11/1952,$22.36
733,To Walk in Our Fathers Footsteps,Alexei Burnhill,Customer-focused asymmetric strategy,2/21/1961,$52.46
734,Hue & Cry: A Hew Cullen Mystery: Book 1,Alonzo Dugmore,Networked explicit hub,4/25/1991,$38.01
735,The Last Escape,Lanette Castaner,Multi-channelled exuding attitude,3/28/2004,$6.95
736,Matt Jensen,Kimberlyn Ganford,Quality-focused 24/7 capability,1/22/1995,$21.41
737,Tricked by Kings,Ewen Ianni,Grass-roots scalable framework,6/11/1997,$40.91
738,Whispers Under Ground,Mimi Coxhead,Reduced executive collaboration,4/6/2015,$11.44
739,Fighter! Fighter! Corkscrew Port!: Vivid Memories of Bomber Aircrew in World War Two,Peder Deverale,Horizontal well-modulated paradigm,11/30/1957,$11.88
740,Beasts For Lead Moonlight,Del Sorbie,Proactive contextually-based solution,7/5/1996,$29.96
741,Madness and Child,Taddeo Gallimore,Multi-channelled 24/7 alliance,8/5/1985,$7.36
742,Circle of Heroes,Andrew Stanyland,Robust radical access,3/21/1984,$38.85
743,The Loner: The Big Gundown,Alysa Ybarra,Customizable full-range system engine,7/18/1974,$5.93
744,For the Rules of the Cold Circus,Martina Larkins,De-engineered responsive conglomeration,11/29/1983,$29.62
745,What A Gentleman Wants,Albertina Scatchard,Persistent 24 hour standardization,4/10/1951,$6.83
746,The Deep Silence,Elberta Scay,Multi-tiered upward-trending analyzer,2/19/1999,$29.95
747,H is for Hawk,Darrin Fentem,Mandatory attitude-oriented customer loyalty,3/1/1952,$34.37
748,Owning the Party,Bambie Caplan,Compatible holistic software,6/12/1978,$15.32
749,The Introvert Advantage: Making the Most of Your Inner Strengths,Domenic Fowlds,Upgradable secondary model,1/30/1950,$28.42
750,The Final Murder,Aaron Churchman,Down-sized optimal infrastructure,12/24/1957,$48.13
751,The Sea Around Us,Juli Giovanizio,Ameliorated mobile matrix,4/28/1982,$14.71
752,The Image of the City,Gracia Hartridge,Phased dynamic contingency,4/11/1982,$16.02
753,The Deception that Saw the Beasts,Horatius Billion,Reactive stable concept,8/11/2015,$49.48
754,The Experience of Nature,Tatiana Danko,Operative maximized encryption,4/3/2017,$46.53
755,The Capture of the Earl of Glencrae,Emmalynn Critchlow,Quality-focused fault-tolerant internet solution,9/17/1987,$23.05
756,The Rise of Nine,Adelheid Kroger,Phased full-range workforce,2/28/2006,$21.09
757,The Prophet,Henderson Syder,Customizable real-time interface,6/20/1978,$24.48
758,Bring On the Dusk,Mile Bence,Virtual next generation attitude,3/4/1988,$31.92
759,The Secret Place,Fenelia Jencey,Up-sized 3rd generation matrix,3/12/2009,$20.97
760,The Abbey of Haunting Tsan-Lo,Glenden Ast,Face to face systemic analyzer,12/21/1958,$15.51
761,The Cuckoo's Calling,Celestyn McRonald,Profit-focused national conglomeration,5/31/1985,$42.13
762,Faces at the Bottom of the Well,Sheela Kedslie,Networked incremental secured line,6/22/1982,$38.33
763,Twenty Trees,Rona Sagar,Total cohesive productivity,5/30/2004,$44.28
764,The Study of Ethnomusicology,Milton Trencher,Profit-focused explicit software,3/26/2015,$19.79
765,The Smasher,Raye Coopland,Team-oriented stable artificial intelligence,12/25/2002,$17.06
766,Suicide Run,Mil Cornuau,Synergized interactive product,10/21/1953,$12.24
767,Saw to Ride,Tandi Connachan,Re-contextualized executive neural-net,7/30/1982,$17.01
768,The Shadows and the Gunfighter,Latia Epine,Customizable 4th generation emulation,2/19/1967,$51.32
769,Restraint and the Art of Bondage: An Xcite Guide to Sexy Fun,Tania Edwinson,Profit-focused interactive hub,2/24/1973,$35.40
770,The Creative Destruction of Medicine,Florina Buckeridge,Synergistic homogeneous service-desk,10/8/1968,$11.27
771,The Bodyguard,Gilbertine Thomkins,Reduced non-volatile success,12/23/1962,$17.89
772,Relativity - The Special and General Theory,Romola Wellman,Synergized hybrid utilisation,8/25/1994,$22.88
773,The Tragic Accidental Paladins,Darwin Ferens,Grass-roots zero tolerance Graphical User Interface,11/22/2015,$31.56
774,CompendiumGentleman,Emmaline Arnowitz,De-engineered needs-based artificial intelligence,8/30/1986,$9.63
775,The Power of the Prophetic Blessing: An Astonishing Revelation for a New Generation,Saidee Buckleigh,Balanced client-driven portal,6/4/1960,$29.71
776,Seeing the Voice of God: What God Is Telling You through Dreams and Visions,Marco Peck,Focused interactive hardware,12/19/2017,$21.89
777,A Brief History Of Time,Ardath Spickett,Reactive solution-oriented time-frame,12/29/1962,$17.59
778,Panzer killers: Anti-tank Warfare on the Eastern Front,Jessalin Mingardo,Innovative 5th generation secured line,2/18/1998,$53.60
779,The Queen Horror,Idell Millott,Sharable system-worthy moratorium,8/15/1967,$11.10
780,The Definitive Guide to HR Communication: Engaging Employees in Benefits,Elsinore Claricoates,Fundamental bottom-line workforce,11/25/2000,$19.71
781,A Wrinkle in Time,Pat Kenzie,Expanded analyzing website,5/27/2003,$47.59
782,The Peter Pan of the Manor,Joya Nealey,Self-enabling client-server circuit,5/16/1980,$35.66
783,The Travels of Marco Polo,Xylina Leeming,Inverse eco-centric database,4/9/1959,$18.68
784,Taken,Bartlett Marousek,Programmable systematic task-force,10/21/1982,$40.53
785,In the Silent Escape,Bone Marriage,Innovative dedicated success,6/22/1977,$10.67
786,Changing the Caverns,Weider Dominichelli,Universal explicit array,11/14/1986,$43.60
787,Blade Silver: Color Me Scarred,Romonda Denes,Reactive zero administration collaboration,3/31/1976,$50.30
788,Rama II,Benjy Kroin,Vision-oriented motivating forecast,8/1/1970,$47.43
789,Eve,Gilberto Giorgietto,Stand-alone incremental info-mediaries,5/18/1974,$40.44
790,The Other America,Feliza Condliffe,Secured zero administration ability,2/28/1960,$15.77
791,The Garden that Must Not Be,Myrta Thorold,Cross-platform 24 hour knowledge user,8/3/1986,$12.96
792,The Beast Above the Ticket,Blanca Pablos,Team-oriented exuding concept,7/5/1999,$30.54
793,The Living Life,Arlee Jovanovic,Implemented encompassing product,6/22/2017,$29.84
794,The Little Match Girl - The Golden Age of Illustration Series,Daria Priestner,Compatible neutral core,1/11/1972,$24.39
795,Room is Two,Margaux Pindar,Team-oriented multi-state info-mediaries,4/24/1957,$54.81
796,The Black Sheep's Return (Mills & Boon Historical) (The Seaborne Trilogy),Parker Hedan,Upgradable attitude-oriented complexity,12/29/1978,$25.79
797,Captain Underpants and the Invasion of the Incredibly Naughty Cafeteria Ladies from Outer Space: (And the Subsequent Assault of the Equally Evil Lunch,Dewitt Goodbarne,Extended interactive extranet,3/29/1950,$28.02
798,Black Notice,Malynda Behnen,Adaptive tertiary complexity,2/26/2004,$27.45
799,You Are Next,Dominik Truckett,Profit-focused incremental collaboration,3/8/2014,$46.95
800,Charming Lily,Melly Matantsev,Decentralized heuristic structure,7/9/1994,$54.19
801,Backward,Wyn Couch,Devolved 4th generation extranet,1/2/1966,$31.84
802,A Brief History Of Time,Helenka Rounsefell,User-centric well-modulated analyzer,5/6/1977,$53.38
803,Unbreak My Heart,Garwin Misselbrook,Assimilated next generation framework,8/17/2014,$33.53
804,The Cuckoo's Calling,Quinn Casassa,Managed bifurcated contingency,4/7/1983,$24.00
805,Monster-God Return,Nollie Connop,Down-sized heuristic application,10/3/1960,$13.98
806,Angle of Investigation,Cliff Wettern,Innovative leading edge implementation,5/2/2013,$38.50
807,Plaid Tidings,Jermayne Brader,Programmable didactic frame,2/14/1959,$27.68
808,Cooking Up Love,Judi McKinlay,Inverse empowering service-desk,12/12/2000,$23.02
809,The Exact Sciences in Antiquity,Walther Marde,Stand-alone 5th generation parallelism,11/16/1963,$8.25
810,After a Childhood with a Satan,Nealy Compston,Expanded human-resource extranet,4/12/1956,$37.71
811,A Horde of Toad,Dode Burk,Phased fresh-thinking project,8/20/1988,$37.64
812,Pompeii,Hershel Bean,Exclusive 24/7 frame,10/12/2011,$54.46
813,The Joan of Arc the Childhood Changed,Jolene Wilbor,Focused bifurcated matrices,12/14/2017,$15.46
814,The Gunsmoke that Killed the South,Ly Braniff,Multi-tiered well-modulated concept,2/2/1981,$33.20
815,Dawn of Empire,Bella McCarlich,Configurable neutral neural-net,10/8/1998,$30.76
816,The Abbey that That Never Chase,Egon Widdocks,Customizable motivating emulation,6/2/1962,$36.22
817,The Wandering Who: A Study of Jewish Identity Politics,Susanna Menilove,Diverse zero defect portal,5/7/2017,$30.46
818,Dilbert - A Treasury Of Sunday Strips: Version 00: A Dilbert Book,Elyn Perkin,Operative uniform project,5/29/1990,$6.86
819,Dead Center (The Rookie Club,Hallsy Bendley,Expanded eco-centric standardization,5/29/1966,$18.75
820,Force Under Weaving Mars,Leonhard O'Rowane,Re-contextualized executive initiative,5/10/1978,$22.75
821,A Pizza To Die For,Marysa Le feaver,Virtual real-time algorithm,2/15/1960,$46.54
822,A Moment of Passion,Binnie Bampforth,Programmable hybrid Graphical User Interface,1/19/2017,$24.47
823,Blonde Died,Vinny Harryman,Expanded object-oriented analyzer,7/2/2016,$25.34
824,The Naked Duke,Marshal Limbrick,Streamlined content-based task-force,10/17/1979,$26.40
825,The Trade At the Season,Sauncho Tugwell,Self-enabling bi-directional time-frame,10/28/1975,$23.32
826,Wings of Fire Book Six: Moon Rising,Zebulon Gerbi,Synergistic multi-tasking groupware,2/8/2009,$40.16
827,The Heroic Life of George Gissing,Isac Grigori,Expanded interactive neural-net,10/3/2008,$51.61
828,Gumption & Gumshoes,Lyell Badger,Streamlined attitude-oriented emulation,11/30/1960,$32.75
829,Her Lone Wolf,Che Garrard,Enhanced dedicated help-desk,3/9/1973,$18.06
830,Terror of the Mountain Man,Karlie Hedaux,Extended systemic protocol,4/24/1965,$36.25
831,Crossing the Shadow,Joseito Rohan,Business-focused client-server strategy,10/13/1962,$48.61
832,Yellow God,Stanton Nuscha,Seamless coherent standardization,1/22/1975,$9.30
833,American Sniper,Babbette Swash,Multi-tiered human-resource encoding,4/6/2017,$51.32
834,Dark Intelligence,Sharla Mallinson,Triple-buffered asynchronous archive,1/10/2016,$7.17
835,Pure,Bobette Yuryatin,Robust asynchronous migration,12/3/1987,$16.11
836,Chasing Temptation (a Chasing Love novel),Hendrika Luckwell,Configurable content-based instruction set,12/23/2009,$19.34
837,Green Sleep Under Gray Metronome,Glennie Leuren,Front-line analyzing adapter,6/8/1952,$13.91
838,A Dead-Alive Avenger After Glass,Bird Gorst,Pre-emptive optimal analyzer,2/25/1995,$46.44
839,Tears of the Giraffe,Hewie Gery,Universal mission-critical toolset,2/15/1963,$14.82
840,Above the Hamlet of the Galvanic Edge,Lorrin Matskevich,Right-sized context-sensitive methodology,2/21/1960,$16.86
841,The Food Dehydrating Bible: Grow it. Dry it. Enjoy it!,Meggi Harbidge,Distributed coherent adapter,5/1/1950,$29.42
842,Tatting Hearts,Arline Braley,Compatible methodical intranet,7/7/1982,$39.59
843,Lone Wolf,Pepita Labden,Synchronised system-worthy website,1/6/1966,$37.51
844,The Long Twentieth Century,Arlette Tooker,Intuitive scalable policy,3/13/1959,$13.09
845,The Exiled Blade,Kennie Pirdy,Multi-tiered human-resource middleware,7/25/1975,$7.44
846,In the Moonlit Mesa,Becki Hallibone,Seamless bifurcated capacity,3/29/1989,$15.26
847,Weight Training for Golf: The Ultimate Guide,Taddeusz Galloway,Polarised maximized hub,11/25/2015,$10.15
848,Yellow Asylum Beyond Grisly Cindarella,Octavia Alabastar,Customizable multi-tasking structure,6/19/2008,$5.53
849,The Sound of a Scream,Maybelle Burnett,Quality-focused bi-directional application,10/5/1988,$45.25
850,Scandalous Lord Dere,Audy Antony,Polarised client-driven analyzer,12/5/1995,$44.28
851,Darkness in Dancing Zamboula,Jacquie Kiera,Self-enabling even-keeled array,12/15/1967,$33.11
852,The Sublime Object of Ideology,Franky Simcox,Realigned client-server monitoring,1/23/1963,$29.03
853,Faerie Changed the Skunk,Ricky Osburn,Right-sized transitional access,9/28/1976,$27.29
854,The Folk that Hung the Huckleberry Finn,Wyatan Stowell,Programmable content-based attitude,3/20/2003,$15.59
855,Deep Black Sea,Elsey Otton,Organized static function,7/7/1953,$51.07
856,The Content of the Form,Kalil McKinlay,Ameliorated logistical knowledge base,1/3/2002,$11.91
857,The People and the Rabbit,Branden Hurton,Ergonomic encompassing challenge,11/20/1997,$54.04
858,The Hell of Bad Player,Cicily Bagshawe,Ergonomic high-level leverage,3/29/1958,$42.63
859,Explosive Alliance (Mills & Boon Vintage Intrigue),Nealy Byne,Persistent scalable projection,11/13/1982,$9.45
860,Love,Elset Masic,Reverse-engineered 3rd generation intranet,1/23/1981,$8.10
861,Horde in the Patrol,Tristam Lapwood,Function-based bottom-line matrix,5/17/1983,$16.16
862,Unlucky 13,Maurise Condit,Face to face content-based application,2/6/2001,$23.75
863,On the Corrupt Rulers,Sissie McCandless,Adaptive bi-directional task-force,8/31/1967,$11.15
864,Bloodline in Shattered Nothing,Grantley Ganing,Triple-buffered logistical parallelism,1/27/1961,$37.01
865,The Bus From the Bookkeeper,Tootsie Jentges,Customizable next generation structure,3/22/1995,$46.24
866,Dream's House,Elvina Richen,Re-engineered attitude-oriented initiative,7/24/2003,$18.09
867,The Valley Above the Priceless Sword,Robb Hallihane,Realigned reciprocal Graphical User Interface,2/3/1970,$23.54
868,Hall Stranger,Trixi Learned,Advanced multimedia service-desk,10/8/2002,$44.47
869,The Sword the Fire Killed,Mala Juszczyk,Reverse-engineered global service-desk,10/22/1982,$20.35
870,Seductive Starts (An Enhanced Box Set),Gerrie Featenby,Team-oriented coherent leverage,3/16/2004,$47.00
871,Runner,Templeton Pearse,Mandatory optimal migration,11/17/1950,$51.77
872,The Greatest Invention in the History of Mankind Is Beer: And Other Manly Insights from Dave Barry,Elvyn Summerton,Customer-focused coherent productivity,5/15/1963,$43.86
873,A Spare Night Into Mirror,Marion MacLennan,Monitored contextually-based circuit,6/21/1967,$33.18
874,Tripwire,Shaine Pierrepoint,Team-oriented client-driven initiative,12/31/1995,$39.40
875,To Walk in Our Fathers Footsteps,Brewer Goudard,Implemented neutral strategy,11/23/1991,$39.75
876,The Manhattan of Copper Long John Silver,Stillmann Offin,Cross-platform asymmetric data-warehouse,2/8/2009,$30.33
877,Behemoth: Seppuku,Alexi Nutman,Advanced bifurcated application,11/4/1958,$47.25
878,The Creek Beyond,Harlene Kilmary,Organic mobile knowledge base,5/27/2006,$17.26
879,The Sexual Contract,Gaile Kinsley,Centralized user-facing complexity,4/30/1955,$36.64
880,The Essential Louisa May Alcott Collection,Ikey Cuming,Proactive mission-critical core,3/13/1974,$25.61
881,Saw to Murder,Rani Parrott,Polarised bi-directional software,2/27/1956,$53.16
882,Captain Durant's Countess,Constance Bembridge,Upgradable logistical function,5/12/2010,$53.20
883,Swim Speed Secrets: Master the Freestyle Technique Used by the World's Fastest Swimmers,Lonna Shackelton,Assimilated value-added implementation,4/10/1965,$28.46
884,Breaking Point (Mills & Boon M&B),Tine Phizacklea,Future-proofed contextually-based matrix,3/23/1955,$31.03
885,Darkness Revealed,Mathe Guile,Decentralized modular system engine,2/10/1988,$35.14
886,The Left Behind Collection,Derrik Frantzeni,Extended optimal architecture,10/3/1965,$23.12
887,The Death of Money,Shelton Joselovitch,Networked dedicated migration,10/31/1959,$20.44
888,Life During Wartime,Pat Siviour,Assimilated executive challenge,4/6/1984,$27.83
889,The Lamia the Idol Saw,Ruperta Craister,Extended asymmetric standardization,9/27/1955,$18.73
890,A Home in Drayton Valley,Margeaux McCurry,Versatile explicit task-force,5/7/1996,$18.86
891,Above the Special Bookkeeper,Fabian Bodiam,Persevering analyzing emulation,7/9/1988,$26.58
892,The Mistletoe From the Second Wolf,Kristina Faber,Face to face responsive framework,7/24/1950,$45.37
893,Natural Enemies,Joela Balshen,Monitored incremental approach,8/15/1984,$31.29
894,Her Knight in Black Leather,Omar Beeby,Open-source global software,11/28/1950,$26.54
895,Stealing the Bride,Dorothy Raisher,Open-architected 3rd generation installation,8/26/1958,$11.60
896,The Romance of Arthur,Sunny Pressman,Implemented intermediate archive,3/1/1982,$32.65
897,Lonely Planet Ecuador & the Galapagos Islands,Emlen Kilshaw,Decentralized real-time open architecture,9/4/1969,$52.09
898,Blog is Closing,Xavier Pattie,Synergized systemic projection,5/28/1950,$22.69
899,Geography Of Nowhere,Hurleigh Frears,Persistent homogeneous toolset,1/1/2015,$51.07
900,The Definitive Guide to HR Communication: Engaging Employees in Benefits,Matthaeus Semaine,Persistent methodical info-mediaries,2/23/1962,$19.54
901,How to Use Your Mind,Quinton Pether,Decentralized fault-tolerant open architecture,3/18/1989,$30.66
902,No Mercy,Giovanni Duplock,Multi-lateral mobile pricing structure,4/10/1991,$48.07
903,Untamed (The Wild Women Series,Alon Meert,Seamless explicit software,5/14/2007,$52.96
904,Leaving Before It's Over,Bryce Goudy,Networked multi-tasking application,9/9/1979,$8.82
905,The World in Depression,Lacie Holt,Optimized dynamic synergy,10/11/1996,$8.54
906,Childhood,Chrysa Filipowicz,Cross-group uniform complexity,2/3/1965,$49.42
907,Of Mice and Men,Juanita Mower,Cloned high-level Graphic Interface,2/14/1961,$54.47
908,The Millionaire's Proposition,Thorvald de Castelain,Persistent demand-driven time-frame,7/16/2003,$35.68
909,Morality for Beautiful Girls,Fianna Blowfelde,Inverse directional support,2/25/1960,$5.15
910,The Folk Under the Trail,Elianora Beetles,Seamless asymmetric website,8/31/2008,$16.73
911,Parlor of Discovery,Stormi Pomfrett,Business-focused heuristic model,9/30/1986,$12.72
912,The Invention of Racism in Classical Antiquity,Damien Vanichkin,Universal needs-based ability,7/9/1990,$32.85
913,The Lost Big Abbey,Franni Greene,Versatile coherent firmware,4/18/1967,$17.34
914,Feast Owns Mystery,Amie Lisimore,Profit-focused uniform function,11/28/1952,$19.57
915,A Inheritance of Lovecraft,Coleman McLaughlin,Compatible system-worthy toolset,3/29/1983,$5.48
916,A History of Economic Thought,Cristiano Binnion,Enhanced zero tolerance monitoring,4/24/1992,$8.98
917,The End of the Nation State,Berkie Hallock,Synergistic client-server alliance,1/6/1985,$31.31
918,The Left Behind Collection,Teirtza Tern,Reverse-engineered logistical ability,10/10/1956,$23.25
919,Without the Next Stars,Llewellyn Reddish,Re-engineered attitude-oriented algorithm,12/9/1964,$48.86
920,Butchery of the Mountain Man,Bianka Gregor,Object-based static groupware,7/12/2012,$27.14
921,The Psychology of Interpersonal Relations,Cal Brownhall,Pre-emptive cohesive focus group,2/13/1959,$33.68
922,The Death of Money,Auberta Danilevich,Object-based user-facing matrix,12/15/2005,$44.25
923,Madness and Child,Gale Tomczak,Right-sized uniform model,5/27/2007,$9.09
924,The Husband's Secret,Dione Porcas,Down-sized needs-based data-warehouse,2/22/2018,$8.50
925,Borrowed by Names,Garret Deinhardt,Re-engineered encompassing solution,2/10/1994,$7.91
926,A Secret Grave Above Sun,Elmira Burchall,User-friendly value-added budgetary management,3/24/1979,$26.74
927,The Death and Life of Great American Cities,Essa Maddock,De-engineered solution-oriented initiative,8/31/1952,$18.74
928,100 Sexiest Women in Comics,Ashla Bradberry,Integrated 5th generation framework,11/10/1966,$34.79
929,The Patch that Should Not Speak,Kirby Lindro,Streamlined high-level frame,3/8/1965,$38.99
930,Bedroom Roulette: TruLOVE Collection,Ola Curd,Decentralized 3rd generation circuit,8/30/1969,$51.17
931,A Horde of Toad,Dyanne Aizikowitz,Reverse-engineered non-volatile artificial intelligence,9/9/1980,$5.40
932,Notorious,Lazaro Issacson,Mandatory multi-tasking Graphic Interface,4/23/2014,$45.93
933,Borrowed by Names,Lonni Ellington,Public-key local task-force,2/2/1963,$23.06
934,Lights,Andonis Tatham,Ameliorated uniform workforce,11/22/2008,$31.15
935,The Cell Above the Tombstone,Teressa Hayhow,Vision-oriented asymmetric alliance,12/2/2001,$9.04
936,A Wrinkle in Time,Kristina Paladino,Cloned asymmetric instruction set,1/25/1974,$44.58
937,Chasing Trouble (a Chasing Love novel),Jim Kegan,Open-source static approach,9/24/2006,$30.13
938,Once We Were Brothers,Mar Extall,Multi-lateral value-added definition,8/30/1986,$9.63
939,Have Me: A Stark Ever After e-novella,Daniella Brooke,Digitized client-driven application,9/13/1985,$26.49
940,A Killer in the Street,Donella Cyphus,Upgradable human-resource support,2/23/1968,$44.44
941,The Shah,Kermie Matura,Realigned 6th generation support,12/4/2015,$18.74
942,Women in the Viking Age,Waite Whereat,Managed bifurcated website,6/18/1951,$44.53
943,Lied to Save,Linn Rooze,Optional optimizing firmware,3/17/2001,$23.16
944,Every Man's Bible NLT,Rhett Wapples,Extended 24/7 projection,9/20/1978,$46.38
945,Honor Among Thieves,Vernor Haddeston,Assimilated directional artificial intelligence,4/11/2017,$25.30
946,Shadow of the Wolf,Deina Perrygo,Cloned 24 hour methodology,11/5/1978,$37.45
947,Lord of Wicked Intentions,Curcio Beglin,Face to face multimedia attitude,12/6/1971,$18.30
948,The Future Scrolls,Karlotta Bibey,Decentralized content-based strategy,11/14/1990,$36.36
949,The Jungle and the Magic,Alexine Duligal,Triple-buffered background installation,12/26/1967,$26.09
950,Hung to Embrace,Christine Bewsy,Front-line value-added functionalities,1/5/1989,$10.11
951,Act Like a Lady,Madelene Champion,Intuitive zero tolerance definition,6/5/2010,$35.15
952,Edible Minutes At Haunting Cape,Sharla Hankard,Sharable executive utilisation,12/21/1995,$5.09
953,The Death Penalty in America,Nye McCrostie,Organic radical internet solution,7/2/1973,$15.59
954,Detective,Jocelin Weavill,Expanded empowering forecast,6/22/2009,$22.38
955,The Great War,Sandie Fowles,Open-architected fault-tolerant collaboration,9/30/1963,$54.64
956,Dearly Devoted Dexter,Diane-marie Harsnipe,Cross-group didactic hardware,11/26/2013,$7.38
957,Death By Chocolate,Sayer Caldroni,Polarised multimedia functionalities,2/6/1987,$33.29
958,At a Dancers with a God,Denver Armitage,Cross-platform composite intranet,3/6/1972,$29.95
959,Black Notice,Everard Growcott,Cross-group clear-thinking ability,9/24/1987,$24.67
960,Madness and Child,Farah Cainey,Extended web-enabled knowledge base,11/20/1999,$46.08
961,Without a Mask with a Shakespeare,Verney Carlisle,Multi-channelled demand-driven workforce,6/6/1978,$28.16
962,The Last Wish,Bren Pumphrey,Seamless 3rd generation collaboration,10/22/1986,$26.92
963,Take What You Want,Orelee Dodamead,Intuitive system-worthy task-force,6/22/2011,$40.75
964,The Fallen Cosmic Soul,Ignacius Grzegorzewicz,Multi-layered analyzing orchestration,8/23/2017,$18.49
965,Dune,Glennie Brims,Optional fault-tolerant groupware,4/15/1978,$24.76
966,The Deception of Iron Dome,Aldis Allderidge,Monitored client-driven application,7/12/2014,$29.85
967,Silent Screams,Ophelia Radbourne,Focused scalable toolset,3/11/2017,$38.26
968,Setting the Table,Jordain Thomkins,Balanced neutral knowledge base,3/7/1959,$50.19
969,The Communist Manifesto,Muriel Puddifer,Self-enabling clear-thinking portal,7/23/2010,$9.57
970,The Singing Neanderthals,Rhonda Cecere,Synergistic mission-critical support,9/11/1988,$23.10
971,The Season In,Elbertina Le Leu,Focused object-oriented info-mediaries,6/20/2008,$30.94
972,The Unrequited Treasures,Nicky Errol,Multi-tiered bottom-line moratorium,7/16/2012,$44.09
973,Two Empire,Sophronia McGrowther,De-engineered fault-tolerant focus group,4/6/1970,$13.17
974,Courting Trouble,Agustin Maccrea,Persistent demand-driven focus group,4/19/1950,$45.67
975,A Taste of Desire,Joye Loeber,Expanded next generation process improvement,8/27/1993,$26.86
976,The Rites of Passage,Lowe Keitch,Profit-focused dynamic methodology,8/21/1969,$11.30
977,Captive Bride,Astra Tedstone,Multi-layered executive instruction set,4/20/1991,$18.25
978,Human development: a psychological and spiritual journey,Emalia Callard,Integrated content-based database,2/29/1988,$53.24
979,Paper Towns,Annnora Chatin,Progressive maximized process improvement,9/8/1978,$38.05
980,Ranger's Apprentice 1: The Ruins of Gorlan,Verge MacMeeking,Intuitive high-level capability,5/27/2013,$11.60
981,The Power of Now: A Guide to Spiritual Enlightenment,Aeriel Maunder,Organic high-level complexity,6/7/1975,$21.56
982,The Ages of Lulu,Salomi Shutt,Enhanced discrete software,8/22/1979,$21.02
983,The Hero with a Thousand Faces,Nerte Crann,Synchronised bi-directional interface,10/8/1989,$32.34
984,Seven Dirty Words: The Life and Crimes of George Carlin,Felita Ballsdon,Persistent fault-tolerant encryption,7/21/1972,$9.23
985,Dusk of Fire,Garrott Jaycocks,Synergized methodical software,6/18/2002,$13.51
986,Hairy Beard At Unrequited Africa,Viole Suckling,Mandatory modular architecture,8/21/1987,$22.79
987,Lucky Stiff,Kinnie Dowthwaite,Compatible responsive website,7/19/2016,$16.73
988,Surrender to the Will of the Night,Mariejeanne Brownhall,Future-proofed zero defect time-frame,12/31/1962,$20.13
989,The Making of the English Working Class,Huberto Hesbrook,Function-based attitude-oriented functionalities,3/17/1965,$26.97
990,Embrace Hour,Dorian Duffill,Operative neutral capability,2/22/1998,$11.15
991,Neighbors Kings,Zacharia Callender,Future-proofed solution-oriented database,9/28/1955,$41.28
992,Circle of Heroes,Piggy Batsford,User-friendly zero defect artificial intelligence,3/4/1979,$42.06
993,The Reluctant Husband,Aurea Tomczak,Intuitive optimal projection,5/10/1994,$52.80
994,From the Detective of the Dark Pirate,Codie Goldbourn,Up-sized responsive parallelism,4/21/2003,$21.98
995,Lost and Found: A Novella from Hero,Georgeanne Coutts,Mandatory empowering superstructure,9/6/2006,$10.02
996,City Seduced,Halsy Brunelleschi,Mandatory zero tolerance archive,7/11/2015,$31.91
997,Space of Lord,Cello Ballendine,Inverse solution-oriented collaboration,5/14/2011,$15.77
998,Jenny Everywhere Comet,Josefa Forsdike,Object-based intangible ability,7/14/1951,$51.84
999,Walking the Noble Path: The Five Mindfulness Trainings,Cedric Puleque,Re-contextualized homogeneous encryption,12/4/1969,$34.67
1000,The Wolf Worlds,Ewan Longo,Secured composite extranet,12/12/1980,$9.56
1001,The Mystery At the English Priestess,Josi Larner,Multi-channelled systematic hub,8/15/1950,$40.89
1002,The Insects the Wrath Went,Roselle Sarjeant,Multi-tiered optimal project,1/3/1968,$42.87
1003,Poisoned Tarts,Raimund Cornels,Triple-buffered non-volatile help-desk,3/12/1963,$8.41
1004,The Five Love Languages: How to Express Heartfelt Commitment to Your Mate,Clemmy Nevins,Robust modular time-frame,5/5/1982,$16.66
1005,Enchanter,Harrietta Bentson,Reverse-engineered secondary Graphical User Interface,9/15/1963,$41.51
1006,Allegiant,Deloria Woolens,Configurable tertiary matrices,5/22/1957,$43.40
1007,The Dead of the Green Patrol,Winifred Acland,Extended content-based software,10/23/1971,$43.98
1008,A Savage Sleepers On Shambler,Wes Ambroisin,Reverse-engineered context-sensitive synergy,9/11/2011,$19.33
1009,The Manufacture of Madness,Charlot Alderman,Fully-configurable background internet solution,7/20/1991,$34.43
1010,The Quantum Thief,Kelcie Raunds,Virtual 24 hour knowledge base,5/26/2016,$41.43
1011,To Understand and be Understood: A Practical Guide to Successful Relationships,Berti Jacquet,Multi-layered cohesive productivity,1/5/1979,$18.21
1012,The Valley Above the Priceless Sword,Laetitia Blencoe,Visionary coherent throughput,3/19/1990,$21.11
1013,The Ghost For the Birthday Present,Hagen Glitherow,Robust dedicated budgetary management,11/29/1997,$30.63
1014,Quarantine,Katalin Parren,Managed logistical circuit,2/10/1960,$30.67
1015,Remains of Innocence,Charleen Irnis,Team-oriented national hardware,5/18/2010,$46.02
1016,Allegiant,Cordy Kobu,Sharable full-range service-desk,8/12/1972,$16.18
1017,The Captive's Return (Mills & Boon Vintage Intrigue),Garwin Astall,Pre-emptive zero administration toolset,7/5/1987,$14.49
1018,Unlock Your Mind Power - More Friends,Talya Reoch,Vision-oriented hybrid complexity,4/2/1990,$11.52
1019,The Tragic Accidental Paladins,Tatum Garrit,Organized dedicated firmware,3/16/1965,$7.60
1020,Desired (Book #5 in the Vampire Journals),Saunder Keuneke,Customizable 3rd generation Graphical User Interface,9/9/1964,$43.99
1021,The Alexandria Connection,Claudell Revie,Open-source reciprocal definition,3/4/2013,$30.09
1022,The Smasher,Ola De Luna,Self-enabling national customer loyalty,4/12/1979,$50.80
1023,The Slightly Bruised Glory of Cedar B. Hartley: (Who Can't Help Flying High and Falling in Deep),Donavon Warmisham,Stand-alone disintermediate solution,6/28/1954,$22.83
1024,Something Coming Through,Lindsay Trathen,Open-architected zero tolerance product,5/19/2007,$53.40
1025,Shadow of the Wolf,Hobey Sheryn,Distributed tangible flexibility,12/3/1950,$35.28
1026,The Hymnal 1982: Basic Singers,Mellisent Aimeric,Cloned mission-critical portal,5/26/1966,$20.85
1027,Francesca's Party,Hortense Mattaser,Triple-buffered bandwidth-monitored parallelism,5/29/2011,$29.43
1028,The Cemetery On the Eternal Suicide,Bryan Hemphall,Focused impactful help-desk,4/22/1993,$38.86
1029,The Heiress,Cecilio Belsher,Quality-focused systematic collaboration,12/3/2011,$36.12
1030,Light A Penny Candle,Shay Major,Implemented analyzing definition,8/15/1963,$39.77
1031,The Complete Beast House Chronicles,Pedro Peplow,Open-source radical extranet,1/16/2017,$54.56
1032,The Heroic Life of George Gissing,Blakelee Whild,Re-engineered leading edge instruction set,8/5/1996,$34.80
1033,Out of the Orchid,Christean Martinolli,User-centric directional emulation,7/16/2012,$48.07
1034,Donor: A Dr Steven Dunbar Thriller: Book 1,Zola Squelch,Team-oriented fresh-thinking access,9/9/1958,$34.45
1035,At a Dancers with a God,Ozzy Goldingay,Grass-roots motivating capacity,3/28/1990,$44.59
1036,The Witchcraft Sourcebook,Kamillah Donoher,Monitored optimizing toolset,1/30/1951,$6.76
1037,In the Africa,Abey Bummfrey,Assimilated 24 hour core,1/5/1991,$48.55
1038,Firefight,Toiboid Scardifield,Networked full-range moderator,5/12/2006,$24.90
1039,Killed Voice,Camey Goacher,Diverse local toolset,2/11/1998,$19.08
1040,Life and Adventures 1776-1801: Text Classics,Alaine Scobie,Monitored 4th generation success,7/2/1983,$49.33
1041,The Girl of the Strange Evolution,Magdalene Kornalik,Diverse mission-critical product,3/10/1999,$42.82
1042,When You Give a Duke a Diamond: [series title]The Fallen Ladies,Bucky Bowater,Programmable leading edge contingency,2/27/2000,$50.29
1043,Dancers and Moonlight,Adaline Alban,Versatile explicit support,7/24/2010,$34.10
1044,The Last Wish,Neilla Larkcum,Implemented optimal encoding,7/29/1951,$27.25
1045,The Missing Honor,Liana Spratt,Vision-oriented intermediate customer loyalty,2/19/2016,$46.97
1046,The Discarded Image,Verge Dinnies,Optional 3rd generation instruction set,4/2/1986,$5.36
1047,Perl Cookbook,Morrie Karpmann,Function-based clear-thinking core,4/18/1987,$45.87
1048,Learn French In A Hurry: Grasp the Basics of Francais Tout De Suite,Kelby Mapston,Object-based bi-directional knowledge user,5/24/1966,$23.44
1049,Taking Chances,Kiri Tessington,Open-architected dedicated projection,7/21/1972,$54.88
1050,Fell by Blood,Lay Immer,Secured heuristic moratorium,1/8/1954,$28.58
1051,When Helping Hurts: How to Alleviate Poverty Without Hurting the Poor . . . and Yourself,Filmer Jeanequin,Focused neutral customer loyalty,12/1/1964,$19.95
1052,The Architect's Apprentice,Carolyn Grinnell,Up-sized disintermediate database,6/6/1950,$34.53
1053,Backward,Dynah Belin,Balanced transitional circuit,4/18/1955,$21.77
1054,The Freedman in the Roman World,Mora Vautin,Synchronised homogeneous architecture,4/5/2011,$39.94
1055,The Deception that Saw the Beasts,Jeremie Deverill,Adaptive bandwidth-monitored functionalities,1/12/1954,$9.62
1056,The Edible Muddy Gurov,Coreen Kemsley,Seamless uniform interface,6/5/2008,$16.13
1057,The American Disease : Origins of Narcotic Control,Jordan Burrill,Reduced executive leverage,6/28/1965,$38.04
1058,The Copper Wall,Hayward Heinrici,Switchable dynamic concept,3/9/1951,$46.26
1059,To Kill A Mockingbird,Liz Bardill,Streamlined zero tolerance toolset,8/12/1951,$54.60
1060,Save Compendium,Maddy Shirt,Proactive even-keeled attitude,5/19/1984,$54.01
1061,The Time Bookkeeper,Karia McRannell,Stand-alone modular function,2/10/1998,$27.84
1062,The Hollywood that Tricked the Age,Fitz Ohrt,Advanced encompassing info-mediaries,1/7/1966,$31.23
1063,The Vampiric Angelo,Dulsea Navarro,Programmable web-enabled process improvement,5/11/1964,$42.70
1064,Icing Ivy,Valeria Dowty,Fundamental real-time framework,11/2/1977,$47.94
1065,The Journal of Henry David Thoreau,Terra Pirazzi,De-engineered composite circuit,11/12/2016,$23.66
1066,A One Bishop Without Dream,Merle Dmiterko,Extended human-resource implementation,10/13/1968,$5.22
1067,Boy Spoke,Jorey Penhalewick,Right-sized real-time knowledge user,10/24/2002,$15.68
1068,Red Rising,Worthington Mewes,Future-proofed optimal encryption,9/2/1998,$5.29
1069,Supreme Tomb,Vlad Cudd,Organized 24 hour budgetary management,7/23/1977,$24.37
1070,Bites in the Empire,Chelsea Crack,Ergonomic executive benchmark,1/14/1972,$13.91
1071,At the Power of the Accusing Guard,Larine Ovington,Enhanced asynchronous product,12/1/1976,$54.34
1072,Some of the Best from Tor.com: 2012 Edition,Edin Rickett,Horizontal responsive focus group,1/4/2001,$26.76
1073,Found (Book #8 in the Vampire Journals),Fran Flageul,Front-line contextually-based artificial intelligence,8/23/1980,$51.24
1074,Sten,Kessia Hurdle,Virtual hybrid hub,10/3/1997,$47.05
1075,Damned Deception,Annabal Jackson,Centralized dedicated algorithm,11/30/1986,$49.79
1076,The Death of Money,Rachel Antoons,Ergonomic neutral artificial intelligence,7/28/1985,$33.25
1077,Talking Sense,Claudell Chark,De-engineered full-range website,12/8/1952,$33.59
1078,Land,Jacinda Fearnyough,Profound object-oriented support,10/7/1976,$22.60
1079,The Six Spare Feast,Ellette Shillom,Ameliorated zero tolerance access,6/23/1991,$13.35
1080,Clean -  Expanded Edition,Birk Pidgeley,Operative eco-centric challenge,10/1/1997,$14.30
1081,Saw to Ride,Gothart Eyree,Universal intangible attitude,11/12/1984,$25.82
1082,Mack's Witness,Hakeem Aisman,Upgradable transitional success,12/5/1993,$22.76
1083,The Fallen Cosmic Soul,Egan Selbie,De-engineered transitional approach,7/5/1995,$6.52
1084,Things Above Secret Discovery,Vere Agney,Team-oriented human-resource methodology,9/12/1957,$23.24
1085,The Creek Beyond,Esra Alfonsini,Public-key multi-tasking utilisation,5/13/1977,$11.67
1086,Buy High,Chad Quarmby,Upgradable client-server interface,6/11/1989,$40.49
1087,To Kill A Mockingbird,Lorettalorna Jacke,Innovative client-server product,5/8/2011,$5.82
1088,The Girl Next Door,Benedicta Clorley,Vision-oriented motivating knowledge base,9/8/1995,$25.74
1089,A Man in Full,Sunny Bustin,Enhanced scalable hub,5/13/1958,$34.84
1090,The Metamorphoses: Selected Stories in Verse,Jaime De Hooch,Fully-configurable optimizing paradigm,10/27/1989,$14.56
1091,'Tis the Season Bundle,Marena Folkes,Managed secondary groupware,5/28/2014,$42.42
1092,Lord of the Flies,Rosa Sante,Enterprise-wide 4th generation attitude,4/16/1994,$24.06
1093,Hand Murdered the Earth,Erskine Clausius,Function-based coherent strategy,9/10/1953,$38.52
1094,The Cupid of Two Bloodline,Kissie Shellsheere,Operative local conglomeration,3/6/1975,$19.38
1095,Wakulla Springs,Leonardo Benazet,Diverse mobile knowledge base,5/28/2008,$50.03
1096,Killer in Undead Magic,Ferdinanda Millyard,Managed asymmetric task-force,9/23/1976,$42.27
1097,Magic Lies Farm House,Georgette Sappy,Ergonomic zero tolerance projection,4/19/1971,$34.15
1098,English Skull,Hollie Trevaskus,Business-focused national framework,11/28/2011,$21.33
1099,Rendezvous With Rama,Fremont Andri,Triple-buffered asymmetric knowledge base,11/18/1974,$20.30
1100,All That Lives Must Die,Bayard Bousquet,Enhanced high-level monitoring,4/27/1964,$32.90
