customerNumber,first_name,last_name,addressLine1,city,state,postalCode,country,phoneNumber
1001,Berkie,Rogger,1 Longview Point,5 Sloan Junction,New Mexico,87201,US,505-682-5351
1002,Fairfax,Edelman,383 Bluestem Alley,7 Harbort Junction,Minnesota,55557,US,952-426-3317
1003,Esdras,Dabling,4 Farmco Road,651 Loeprich Alley,Iowa,52804,US,563-978-4479
1004,Esther,Pally,00 Hanson Trail,598 Graceland Trail,Wisconsin,53210,US,262-337-5458
1005,Denny,Syvret,7058 Macpherson Road,86552 Mcguire Parkway,California,92030,US,760-103-5425
1006,Portia,Danovich,91455 Vermont Point,124 Melody Drive,Texas,76544,US,254-384-0727
1007,Lian,Barnewall,99 Dryden Way,78 Rockefeller Hill,Kentucky,40266,US,502-334-8593
1008,Jany,Hirsthouse,3 Eagan Circle,0271 Texas Park,Minnesota,55114,US,651-271-7180
1009,Meier,Wragg,6474 Huxley Park,0 Packers Lane,California,92191,US,619-860-4933
1010,Millicent,Carruthers,0 Milwaukee Point,208 Stone Corner Pass,New Mexico,87190,US,505-212-1566
1011,Randy,Thies,777 Hintze Court,9821 Vahlen Junction,Ohio,45408,US,937-602-3935
1012,Sean,Rolfe,5287 Pawling Road,36 John Wall Hill,New York,12237,US,518-609-1602
1013,Abbye,Ralston,6 Roxbury Park,748 Montana Point,Texas,76105,US,682-403-0494
1014,Kelcey,Gillions,9866 Stephen Park,1 Glendale Lane,Pennsylvania,19160,US,215-771-5608
1015,Kendal,Shepeard,90718 Michigan Drive,86758 Annamark Center,Colorado,80241,US,303-683-1214
1016,Joelie,Lowne,94 Northwestern Place,3747 Springview Trail,Louisiana,70810,US,225-216-7564
1017,Jermaine,Nardoni,357 Tomscot Avenue,568 Brickson Park Junction,Virginia,22908,US,434-197-9712
1018,Shanie,Capstake,3 Coleman Way,11 Rusk Park,Massachusetts,01905,US,339-674-9902
1019,Lyndsie,Corbet,79 Charing Cross Street,411 Northport Street,North Carolina,27157,US,336-413-7712
1020,Kally,Gheraldi,421 Red Cloud Terrace,371 Tomscot Parkway,Alaska,99599,US,907-417-2153
1021,Dukey,Paliser,8 Autumn Leaf Drive,5354 Coleman Junction,Oklahoma,73124,US,405-735-0357
1022,Korey,Varran,164 8th Plaza,859 Lindbergh Point,Missouri,64187,US,816-210-5833
1023,Abbott,Vasilmanov,0930 Corben Hill,04 Upham Parkway,Ohio,44720,US,234-463-4854
1024,Dulci,Banbrick,2 Carpenter Hill,23 Ludington Park,Louisiana,71105,US,318-955-0237
1025,Brittani,Hindenburg,234 Prairieview Lane,80993 Springview Park,Montana,59771,US,406-319-0452
1026,Augusto,Tesh,5134 Fieldstone Lane,8 Milwaukee Way,Missouri,64144,US,816-290-3402
1027,Sib,Critchard,00 Magdeline Avenue,20 Logan Avenue,Minnesota,55441,US,952-439-6193
1028,Jody,Sitlinton,8 Bay Avenue,74 Farmco Circle,Indiana,47905,US,765-763-8001
1029,Petey,Lowdham,3 Ridgeway Hill,2405 Vera Street,Utah,84135,US,801-435-9338
1030,Sidney,Oven,4 Sommers Street,261 Fairfield Street,Nevada,89510,US,775-401-1846
1031,Seline,Jentzsch,48443 Village Court,188 Tony Crossing,North Carolina,28278,US,704-396-8138
1032,Heindrick,Beetham,2 Bashford Alley,5993 Derek Plaza,New York,14624,US,585-382-0024
1033,Bell,Tull,2885 Green Lane,79151 Mockingbird Pass,New Mexico,88006,US,505-739-0966
1034,Hailey,Pigden,708 Ridgeway Park,93 Sycamore Way,Texas,78778,US,512-111-3633
1035,Deirdre,Jenson,7 Forest Dale Hill,96671 Glacier Hill Center,Florida,33487,US,305-846-0813
1036,Netta,Marien,9878 Susan Circle,8 Judy Avenue,Iowa,50706,US,319-539-4896
1037,Georgina,Adaway,50686 Jana Road,7 Homewood Pass,Maryland,21290,US,410-983-3383
1038,Bengt,Strowther,0834 Sugar Street,15674 Lakeland Circle,California,90020,US,323-243-5813
1039,Francisca,Dur,12160 Texas Trail,0 Old Gate Alley,Nevada,89135,US,702-794-5372
1040,Tiphanie,Neely,07 Meadow Ridge Terrace,8 Scott Alley,Illinois,62205,US,618-888-3275
1041,Franciskus,Neads,34790 Southridge Circle,214 Mosinee Road,Utah,84409,US,801-253-0707
1042,Jeanette,Alleburton,70 Pepper Wood Parkway,9 Division Court,Mississippi,39210,US,601-758-1131
1043,Tabby,Soro,78 Mariners Cove Center,346 Golf View Street,California,94132,US,415-848-1140
1044,Teodoro,Hargey,19 Merchant Center,6 Porter Place,Texas,77293,US,281-296-6934
1045,Bunni,Macguire,27442 Columbus Plaza,81243 Sheridan Avenue,Tennessee,38104,US,615-300-1327
1046,Stefan,Jersch,545 Summer Ridge Park,66 Westerfield Terrace,Texas,77245,US,713-205-9455
1047,Kitti,Yeo,3950 Upham Center,50651 Pankratz Point,Kansas,66220,US,913-466-0280
1048,Hayes,Rathborne,396 Manufacturers Circle,1 Carberry Place,Minnesota,55166,US,651-513-1615
1049,Bernie,Gronowe,0369 Scott Terrace,04 Jenna Way,Connecticut,06533,US,203-616-9276
1050,Evanne,Murley,9 Pennsylvania Drive,1 Summit Center,Montana,59105,US,406-206-8685
1051,Hurley,Oneal,75 Grayhawk Road,5 Eagan Trail,Texas,75226,US,214-140-4878
1052,Ellis,Crace,8 Randy Junction,2730 Buhler Hill,Oregon,97075,US,503-124-9365
1053,Francine,Doxsey,03 Delaware Parkway,1323 Summit Plaza,Utah,84125,US,801-564-2922
1054,Mata,Cokayne,5506 Summer Ridge Court,9 Summer Ridge Court,Colorado,80262,US,303-342-9615
1055,Giulio,Reinger,9730 Ronald Regan Plaza,2615 Warrior Center,Kentucky,40250,US,502-357-5917
1056,Derby,Mortel,1976 Sugar Pass,0138 Union Lane,New York,10292,US,212-883-8452
1057,Byrom,Lamyman,0625 Lukken Park,40707 Warbler Crossing,California,92519,US,951-104-2742
1058,Haily,Guisby,39309 Drewry Trail,6521 Fairfield Road,Wyoming,82007,US,307-210-5476
1059,Alan,Haacker,6 Buell Lane,6 Derek Crossing,Kentucky,40505,US,859-849-3715
1060,Dieter,Hourahan,71024 Bunker Hill Park,0 Toban Road,Florida,32627,US,352-637-8236
1061,Eugenia,Delgaty,4 Clarendon Center,509 Reindahl Street,Indiana,46805,US,260-233-0057
1062,Georgi,Hoyer,1605 Lillian Way,5620 Washington Park,Texas,76134,US,817-809-6475
1063,Kandace,Earles,7 Shasta Terrace,8356 Schiller Plaza,Nevada,89436,US,775-101-4725
1064,Swen,Taig,2 Red Cloud Road,86 Hazelcrest Lane,New York,12210,US,518-555-7056
1065,Deidre,Mottinelli,85 Ludington Place,59197 Dawn Avenue,Louisiana,70149,US,504-765-4169
1066,Kristen,Haugg,96768 Warbler Road,8235 Parkside Hill,Minnesota,55565,US,763-372-0899
1067,Merrilee,Antonich,07709 Sunnyside Plaza,0241 Bultman Point,Kansas,67210,US,316-937-7316
1068,Issi,Elgood,7806 Brentwood Road,352 Harper Way,Minnesota,55458,US,612-161-7084
1069,Angil,Piercey,400 South Crossing,91 Clove Plaza,Georgia,31416,US,912-145-8598
1070,Darryl,Covelle,3 Grayhawk Lane,7380 Iowa Alley,Texas,75205,US,214-501-1288
1071,Nealon,Eggar,8519 Spaight Parkway,21 Oneill Trail,District of Columbia,20010,US,202-100-9233
1072,Julieta,McTerlagh,2 Welch Trail,8 Dottie Trail,Florida,32128,US,386-518-5619
1073,Minna,Lanphier,1 Tennyson Lane,4 Leroy Junction,North Carolina,28247,US,704-804-0749
1074,Constantino,Lowe,18 Spenser Plaza,535 Aberg Avenue,Texas,78749,US,512-268-7103
1075,Cash,Spradbery,507 Green Crossing,56997 Hoepker Place,New York,10165,US,917-264-9963
1076,Loise,Neave,40668 Morning Drive,8 Charing Cross Terrace,Texas,79955,US,915-524-3087
1077,Noni,Parsand,156 Mendota Plaza,11 Huxley Court,Tennessee,38143,US,901-561-8682
1078,Ethyl,Enterle,6 Oriole Alley,172 Waxwing Street,Florida,34620,US,727-409-3795
1079,Erl,Dowe,387 Talisman Point,62 Superior Road,New York,10557,US,914-689-1587
1080,Hamlen,Emer,4822 Ronald Regan Circle,4 Ludington Hill,Pennsylvania,19146,US,215-281-2916
1081,Ad,Ringer,930 Oak Valley Lane,8260 Pearson Park,Oregon,97206,US,503-845-8937
1082,Aloysius,Merrell,2215 Straubel Trail,2233 Darwin Trail,Ohio,44321,US,330-998-9802
1083,Meagan,Dairton,45 Vera Trail,0142 Hoard Plaza,Missouri,63167,US,314-802-1614
1084,Rochelle,Laudham,81 Center Crossing,43 Mallard Road,Indiana,46247,US,317-977-0739
1085,Emmi,Rushbrooke,79 Bonner Pass,0 Tony Lane,Connecticut,06905,US,203-999-7653
1086,Shelly,Stang-Gjertsen,8229 Emmet Junction,72 Golf Course Pass,Pennsylvania,17140,US,717-452-0278
1087,Ange,Chafney,97338 Declaration Place,53879 Mallory Point,Idaho,83757,US,208-965-0921
1088,Townsend,Beslier,57 Shopko Trail,3 Waubesa Place,New Jersey,07104,US,973-371-6626
1089,Kathrine,Merchant,2 Algoma Place,66 Marquette Pass,Hawaii,96850,US,808-588-7499
1090,Lilyan,Caird,7 Summerview Pass,7 Anzinger Terrace,Michigan,48670,US,989-977-5423
1091,Worthington,Piddletown,567 Rigney Parkway,34460 Arrowood Street,Wisconsin,53779,US,608-102-2176
1092,Cam,Pigeram,95447 Hintze Plaza,34 Elgar Plaza,Ohio,44305,US,330-124-6357
1093,Shermy,Fritz,88 Mallard Alley,7 Bartillon Way,Colorado,80045,US,303-919-6557
1094,Dagny,Wymer,60 Linden Alley,7925 Loftsgordon Trail,Pennsylvania,15286,US,412-257-1193
1095,Thibaud,Girardot,96 Ohio Place,665 Express Plaza,Missouri,64082,US,816-349-0650
1096,Craig,Skinn,738 Lerdahl Junction,4461 Truax Place,Tennessee,38104,US,615-985-7599
1097,Valentina,Livings,44 Steensland Alley,3 Stone Corner Place,Florida,32909,US,561-357-2315
1098,Lorrie,Maren,956 Arrowood Place,7 5th Hill,Pennsylvania,15906,US,814-109-7057
1099,Lou,Tedorenko,052 Little Fleur Parkway,3949 Larry Trail,Colorado,80255,US,720-698-3207
1100,Hillary,Jerschke,9 Barby Pass,883 Daystar Crossing,New Mexico,87505,US,505-798-7455
1101,Berkly,Cussons,0999 Farwell Place,5 Carberry Way,Minnesota,55417,US,651-333-5594
1102,Rosette,Slay,713 Ridgeway Drive,5994 Ryan Pass,New Jersey,07522,US,973-165-7608
1103,Leta,Everingham,7 Homewood Point,30398 Dayton Place,New York,11388,US,917-121-6106
1104,Vaughan,Comar,37 Blue Bill Park Drive,050 Declaration Circle,Tennessee,38161,US,901-954-5473
1105,L;urette,Goodread,551 Loomis Terrace,6 Duke Road,Oklahoma,73109,US,405-559-0992
1106,Alisa,Scarborough,114 Memorial Place,07823 Butternut Court,California,90050,US,213-535-2099
1107,Sosanna,Voller,239 Schurz Court,2 Summer Ridge Lane,New York,12237,US,518-400-8612
1108,Edith,Rosendorf,2 Pine View Avenue,6 Northland Park,Colorado,80005,US,720-861-1627
1109,Sherlocke,Pietrowski,4 Browning Pass,37539 Dwight Pass,Arkansas,72905,US,479-389-3885
1110,Zorana,Ferson,71 Eagan Terrace,2639 Del Mar Terrace,Nevada,89125,US,702-494-5383
1111,Willa,Bridgestock,7037 Roxbury Parkway,1 Grover Center,Texas,79955,US,915-356-4618
1112,Philis,Boar,764 Riverside Pass,8 Daystar Terrace,California,91210,US,818-117-9215
1113,Cyrillus,Lampen,80620 2nd Court,3 Fisk Drive,Iowa,50315,US,515-541-0469
1114,Von,Moulding,5884 Little Fleur Place,46945 Eagle Crest Pass,Ohio,45999,US,513-852-4309
1115,Joseph,Nott,2 Jenna Lane,26309 Talisman Way,Florida,32220,US,904-816-3796
1116,Carilyn,Mendus,6 Merrick Hill,65666 Sachtjen Trail,Michigan,48670,US,989-158-8563
1117,Tiena,Vodden,59699 Fulton Court,163 Almo Place,Colorado,80930,US,719-424-5025
1118,Bret,Willard,92 Laurel Court,1 Waywood Alley,South Carolina,29905,US,843-231-6431
1119,Lodovico,Hamsley,0581 Maple Wood Park,493 Sundown Point,California,95823,US,510-944-3377
1120,Lurette,Whapple,79 1st Trail,0151 Evergreen Junction,Illinois,60652,US,773-490-4283
1121,Bella,Stabler,045 Alpine Point,44589 Mandrake Drive,New Jersey,08695,US,609-721-1132
1122,Kenn,Dikes,63768 Village Green Parkway,3083 Valley Edge Center,Iowa,50936,US,515-455-5288
1123,Nady,Tolomelli,62 Magdeline Parkway,2 American Junction,California,91103,US,626-779-5302
1124,Lorri,MacChaell,05 Green Ridge Lane,60 Forster Street,Illinois,61656,US,309-224-9709
1125,Rorke,Gutridge,69 Karstens Park,2 Sloan Road,West Virginia,25331,US,304-586-2112
1126,Sarette,Noteyoung,1677 Toban Pass,214 Blue Bill Park Trail,Iowa,50330,US,515-344-0298
1127,Doe,Habishaw,64 Mallory Pass,43 Hanover Road,Kentucky,40287,US,502-304-3107
1128,Nickie,Shanley,8 Dryden Way,2 Westerfield Pass,Washington,98166,US,360-970-5642
1129,Felike,Mollon,741 Cottonwood Place,23515 Corscot Parkway,New York,10019,US,917-481-6753
1130,Adolphe,Bart,8411 Quincy Place,44322 Coleman Parkway,North Dakota,58122,US,701-455-9298
1131,Anstice,Caygill,2774 Lillian Hill,5676 Weeping Birch Trail,Georgia,30605,US,706-882-4865
1132,Kirk,Carp,6 Rutledge Way,31448 Dottie Point,Illinois,60619,US,312-341-4313
1133,Agretha,Hursthouse,8 Buhler Court,5 Buell Park,Texas,88514,US,915-648-3035
1134,Dolores,Knowlys,14694 Scoville Way,929 Truax Junction,Texas,78285,US,210-158-8018
1135,Kristofor,Smidmor,9352 Cardinal Crossing,84142 Nancy Park,Georgia,31296,US,478-875-3273
1136,Star,Moehle,17312 Ludington Park,0680 Russell Pass,Maryland,21211,US,443-861-0695
1137,Filmore,Manoelli,7985 Arizona Plaza,1236 Marcy Center,Florida,33763,US,727-632-6331
1138,Edvard,Schulter,30 Bartelt Center,1 Karstens Trail,Florida,32868,US,407-824-9981
1139,Gardner,Skelding,3 Forest Circle,6 Shasta Point,Arizona,85754,US,520-642-1464
1140,Corella,Blaber,8 Columbus Lane,353 Blue Bill Park Street,North Carolina,28220,US,704-591-3222
1141,Kizzie,Callender,6307 Glacier Hill Drive,995 Bartelt Street,Illinois,62205,US,618-980-7653
1142,Sheppard,Svanetti,32503 South Parkway,9 Shoshone Crossing,Texas,76162,US,682-241-7233
1143,Kristyn,Greenlees,96459 Roth Plaza,9277 Cherokee Terrace,Nebraska,68531,US,402-686-9746
1144,Nick,Dockerty,908 Browning Drive,964 Fisk Court,Texas,76004,US,817-168-2509
1145,Alva,Dunlap,41817 Bashford Terrace,150 Hauk Trail,Pennsylvania,19109,US,610-790-3639
1146,Sheelah,Fugere,83646 Bonner Lane,21 Fordem Alley,Texas,78250,US,210-951-6619
1147,Dennet,Waples,450 Buell Court,23746 Summer Ridge Park,Florida,34290,US,941-377-0776
1148,Binni,Giovanitti,4 Sugar Drive,64083 Corben Center,Texas,75037,US,214-355-7901
1149,Burlie,Netherclift,5952 Welch Lane,0 Jana Pass,Maryland,20709,US,202-307-1989
1150,Benny,McGougan,484 Forster Road,7515 Ilene Center,Oklahoma,74133,US,918-936-6121
1151,Sofia,Wade,4041 Northwestern Center,3 Lakewood Gardens Road,Massachusetts,01654,US,508-907-3584
1152,Bonnee,Sandifer,0 Chive Parkway,1 Merrick Plaza,North Carolina,27425,US,336-168-8574
1153,Foss,Graalmans,59 Dapin Court,98687 High Crossing Way,Florida,33196,US,786-714-6399
1154,Bax,Snoad,4 Eliot Drive,8 Hudson Road,Georgia,31132,US,404-726-4224
1155,Rahal,Copperwaite,47 Division Junction,2 Melody Pass,Texas,77055,US,713-293-9853
1156,Adrianna,Saldler,1319 Almo Junction,5851 Cody Plaza,New York,10060,US,646-313-4213
1157,Georgetta,Fossett,16697 Kings Parkway,84 Mayer Junction,Virginia,23504,US,757-574-7816
1158,Darice,Brightie,2879 Glendale Alley,59 Kings Place,Louisiana,70187,US,504-762-5855
1159,Tiler,Spurdens,05447 Rutledge Parkway,769 Northport Parkway,New York,10160,US,212-629-0690
1160,Dominga,Volante,8084 Bashford Trail,7 Utah Point,California,92410,US,909-883-8946
1161,Carmel,Massow,5912 Eagan Hill,5848 Melvin Street,California,92137,US,619-280-7595
1162,Glennis,Gounard,1035 Northwestern Place,1316 Morrow Park,Minnesota,55579,US,952-516-2554
1163,Aurilia,Amar,5 South Lane,2794 Mandrake Hill,Florida,32526,US,850-791-9336
1164,Nicolas,Fitzgerald,772 Stephen Trail,40 Forster Drive,Georgia,30323,US,678-166-9795
1165,Cherida,Cutsforth,5766 Algoma Terrace,02769 Clarendon Point,California,90405,US,310-872-8397
1166,Elvyn,Zaczek,773 Evergreen Place,37 Clemons Junction,California,92132,US,858-320-9492
1167,Ollie,Blaes,8466 Butterfield Hill,9 Nelson Terrace,Minnesota,55428,US,612-490-9729
1168,Marlo,Rickert,087 Maple Wood Avenue,91321 Gateway Avenue,Indiana,46857,US,260-367-4124
1169,Cliff,Fullilove,39 Ilene Road,229 Leroy Junction,Texas,79182,US,806-345-1035
1170,Tammi,Szymanski,4 Dovetail Center,22731 Schlimgen Street,Virginia,22301,US,202-227-6031
1171,Teddie,Francom,5998 Weeping Birch Court,2296 Chinook Place,California,95219,US,209-227-6778
1172,Amby,Place,1100 Tennessee Crossing,26614 Darwin Plaza,Iowa,52809,US,563-176-7164
1173,Roderick,Laydel,338 Mallory Court,40 Valley Edge Trail,Georgia,30022,US,678-166-5647
1174,Felizio,Tredgold,58 Gateway Drive,368 Autumn Leaf Way,Pennsylvania,19093,US,215-153-7972
1175,Armand,Dooland,0 Vera Point,2 South Plaza,Maryland,21282,US,410-542-4804
1176,Alberto,Hanway,30270 Manitowish Terrace,5909 Killdeer Way,South Dakota,57110,US,605-568-8373
1177,Idette,Sommerville,81727 Ohio Street,358 Gale Drive,California,95205,US,209-918-8635
1178,Leeanne,Jorn,2102 Jenna Place,52325 Hanover Junction,District of Columbia,20010,US,202-963-9279
1179,Lonnie,Martschke,5065 Shoshone Point,899 Washington Center,Washington,99260,US,509-139-6229
1180,Jaquenette,Baggott,054 Beilfuss Way,9 Drewry Parkway,Missouri,64130,US,816-313-4649
1181,Bonny,Buckby,6136 Basil Center,3 Russell Parkway,North Carolina,27610,US,919-279-2273
1182,Vail,Giraudoux,1 East Plaza,83329 Sycamore Park,Texas,75044,US,469-633-5584
1183,Loren,Sampson,127 Glacier Hill Point,6595 Algoma Road,Florida,32885,US,407-512-5757
1184,Claire,Newtown,33692 Kenwood Parkway,9 Coolidge Plaza,Minnesota,55146,US,651-956-9730
1185,Joelly,Scoines,4767 Briar Crest Court,56 Arkansas Junction,Texas,75605,US,903-526-4699
1186,Joella,Verma,8 Hanson Hill,6076 Comanche Pass,North Carolina,27404,US,336-426-1094
1187,Jobi,Quiddinton,34287 Heffernan Parkway,148 Charing Cross Alley,Ohio,43610,US,419-288-2947
1188,Aubrie,Salomon,155 Sloan Place,051 Claremont Junction,California,93584,US,661-396-9136
1189,Aluino,Abram,295 Scoville Circle,6 Lindbergh Court,Indiana,46814,US,260-569-3858
1190,Andromache,Claringbold,03153 Vermont Crossing,9 Mariners Cove Hill,Florida,32277,US,904-455-3060
1191,Kristoforo,Henmarsh,75884 Bashford Point,1659 Jana Court,Washington,98424,US,253-229-3637
1192,Serena,Clowley,040 Homewood Point,099 Delaware Trail,Massachusetts,02405,US,508-240-9831
1193,Korrie,Gudge,85 Wayridge Avenue,85910 Bluestem Lane,Texas,77240,US,713-973-5237
1194,Estevan,Tunsley,84 Jackson Point,13322 Basil Circle,District of Columbia,20244,US,202-834-4262
1195,Flossy,Boas,8 Thierer Trail,96 Portage Point,Ohio,43226,US,614-781-7963
1196,Smith,Scintsbury,51 Waxwing Lane,20 Ryan Way,Kansas,66105,US,913-438-1369
1197,Montgomery,Mussington,734 Steensland Parkway,837 David Pass,Missouri,64082,US,816-212-0443
1198,Tonye,Aronovich,4810 Clemons Way,54 Annamark Point,Illinois,61651,US,309-597-9655
1199,Bartlet,Regelous,60 Green Way,2 Scofield Place,Alabama,36109,US,334-760-2318
1200,Marci,Taffurelli,142 Messerschmidt Way,7896 Algoma Crossing,Kansas,67210,US,316-479-8553
1201,Kirby,Faughny,4 Sheridan Point,4 Victoria Park,Texas,78255,US,830-667-2602
1202,Ethelind,Treversh,3 Tennessee Alley,459 Pleasure Junction,Texas,78291,US,210-780-0444
1203,Francisca,Moody,75 Cascade Court,2309 Park Meadow Junction,California,93778,US,559-275-5571
1204,Dinny,Burnhard,5 Sundown Park,1104 Mayfield Park,South Carolina,29505,US,843-639-3767
1205,Merrie,McLanachan,9 Barby Center,29078 Sycamore Park,Ohio,45414,US,937-364-8092
1206,Huberto,Maus,60014 Scofield Center,7 Summer Ridge Hill,Texas,75226,US,903-363-8895
1207,Maryanne,Szapiro,505 Northview Plaza,01070 New Castle Point,Missouri,63169,US,314-112-6133
1208,Trace,Hoyle,5 Marquette Terrace,129 Elka Trail,Texas,79764,US,432-276-7000
1209,Gaye,Darco,1 American Ash Plaza,59687 Bartelt Junction,California,93399,US,661-121-8729
1210,Holly,McHardy,215 Kingsford Circle,5 Summer Ridge Parkway,Florida,33625,US,813-397-5838
1211,Georgy,Vispo,27098 Bellgrove Way,6896 Transport Circle,California,90025,US,323-319-1783
1212,Kary,Figurski,169 Merrick Street,513 Graedel Point,Nebraska,68124,US,402-701-1608
1213,Meridel,O'Hederscoll,20 Delaware Lane,54557 Riverside Junction,New York,11225,US,718-158-6564
1214,Antonetta,Ellyatt,94 Claremont Road,184 Northland Pass,New Mexico,87140,US,505-212-6795
1215,Hunt,Geraudy,972 Union Drive,282 2nd Park,North Carolina,27116,US,336-962-9587
1216,Dareen,Butterfield,579 Ryan Circle,2448 Helena Junction,Utah,84105,US,435-703-7458
1217,Lina,Bloomer,6 Kim Hill,70 Jackson Trail,Pennsylvania,15906,US,814-532-1071
1218,Lyell,Botte,392 Briar Crest Hill,643 Waywood Hill,Alabama,35487,US,205-769-0072
1219,Godfry,Caudle,857 Crest Line Plaza,132 Sunbrook Hill,North Carolina,28815,US,828-305-8923
1220,Gretal,Conwell,89614 Cambridge Pass,87023 Ridgeview Crossing,West Virginia,25331,US,304-465-7618
1221,Bessy,Bramham,02 Johnson Lane,37420 Dayton Parkway,New York,10024,US,646-185-3487
1222,Issy,Friedlos,006 Kim Parkway,026 John Wall Center,West Virginia,25721,US,304-117-8621
1223,Leigh,Jobling,04278 Arrowood Street,67842 Manley Pass,Alabama,35815,US,256-394-4823
1224,Fredi,Schaffel,519 Lakewood Gardens Pass,5029 Trailsway Point,New Mexico,87140,US,505-738-4960
1225,Natalee,Farrand,21307 Oxford Park,5290 Spaight Court,Colorado,80235,US,303-157-8089
1226,Nealson,Ofener,766 Corry Plaza,854 Calypso Place,Louisiana,71161,US,318-288-4661
1227,Giacinta,Ferreo,1944 Anderson Crossing,7755 Merry Pass,Connecticut,06145,US,860-894-5878
1228,Gordie,Cullagh,7096 Iowa Road,9063 Cody Avenue,Georgia,31904,US,706-411-2800
1229,Alfons,Demsey,66260 Manitowish Circle,10651 Charing Cross Park,Texas,78278,US,210-735-7727
1230,Taylor,Corkhill,520 Surrey Drive,4 Northport Street,Pennsylvania,17105,US,717-766-8874
1231,Korney,Noraway,27 Union Court,721 Summit Circle,North Carolina,28242,US,704-762-3125
1232,Madalyn,Fabb,8539 Vidon Avenue,92514 Mayer Terrace,California,91913,US,619-159-4539
1233,Ezekiel,Studdert,575 Holy Cross Drive,8005 Bayside Point,Washington,98464,US,253-587-0729
1234,Lynna,Brady,05539 Waubesa Terrace,1 Sugar Road,Oklahoma,74184,US,918-980-7790
1235,Jedediah,Lightbody,5 Stone Corner Junction,2586 Granby Trail,New York,10034,US,917-446-6883
1236,Udall,Crane,312 Linden Hill,95 Hagan Junction,Georgia,30506,US,678-736-8447
1237,Marleen,Karczinski,38023 Glendale Street,8 Northport Pass,California,95865,US,916-244-9797
1238,Briggs,Boyat,0636 Glendale Plaza,445 Maywood Center,Colorado,80270,US,303-386-1611
1239,Jeniece,Gossart,3 Del Mar Road,66048 Weeping Birch Plaza,California,95894,US,916-163-2951
1240,Flossi,Glowacha,41 3rd Center,67765 Superior Hill,New York,11225,US,718-474-1197
1241,Jerald,Thiolier,1147 Waxwing Pass,98 Maywood Drive,Virginia,24503,US,434-106-4868
1242,Margaret,Elvy,76 Shasta Parkway,8010 Oneill Crossing,Virginia,24029,US,540-883-3398
1243,Andee,McLanaghan,4681 Dovetail Hill,2 Larry Center,Oklahoma,73173,US,405-840-5707
1244,Wilmar,Simonds,23 Duke Crossing,4 Lukken Junction,Florida,32909,US,561-409-5292
1245,Bing,Tasseler,1004 Hermina Crossing,552 Grasskamp Drive,Georgia,30022,US,770-384-8009
1246,Tracie,Kimmons,63621 Mccormick Lane,32693 Stang Point,Florida,32610,US,352-955-2418
1247,Blondell,Beadnell,0299 Pawling Plaza,39 Scoville Terrace,Indiana,46406,US,219-822-4572
1248,Alberta,Thorbon,3452 Aberg Avenue,0521 Jay Street,California,92867,US,949-689-9373
1249,Garry,Fridaye,0220 Fallview Pass,70989 Warrior Park,Kentucky,40205,US,502-297-0199
1250,Jami,Canto,067 Florence Plaza,73824 Ronald Regan Way,Pennsylvania,17110,US,717-434-3767
1251,Zonda,Fronek,45124 Heffernan Crossing,50 Jana Parkway,Texas,76310,US,940-819-3770
1252,Sherlocke,Strangwood,005 Randy Crossing,182 Westerfield Lane,Louisiana,70005,US,504-947-4558
1253,Hillier,Choldcroft,5819 Twin Pines Point,62 Lakeland Plaza,Pennsylvania,16550,US,814-349-5367
1254,Marlyn,Rickersy,1 Morningstar Parkway,5783 Fairfield Terrace,California,94042,US,650-447-6327
1255,Muffin,Stinson,57031 Sullivan Place,483 Memorial Alley,New York,10305,US,718-963-5503
1256,Meyer,Storcke,2327 Ruskin Center,0 Merchant Terrace,Florida,32412,US,850-870-0912
1257,Eba,Vernay,4573 Vera Alley,94 Dryden Avenue,Virginia,23324,US,757-334-4498
1258,Leopold,Kix,07786 Emmet Street,99486 Westend Junction,New Mexico,87201,US,505-573-8312
1259,Kath,Blade,15 Coleman Road,05 Cardinal Circle,North Carolina,28230,US,704-392-5459
1260,Calley,Plews,98700 Badeau Alley,123 Laurel Court,District of Columbia,20397,US,202-457-2707
1261,Austina,Eccleshall,40 Anhalt Junction,9 Glacier Hill Trail,Vermont,05609,US,802-226-9662
1262,Raynell,Guillain,10036 Schiller Crossing,679 Nova Point,District of Columbia,20099,US,202-418-9903
1263,Rudiger,Sposito,7061 Dorton Street,27 Dovetail Point,New York,12305,US,518-732-6530
1264,Averyl,Stainsby,288 Prentice Way,1 Swallow Point,New York,10079,US,212-528-6023
1265,Ossie,Caff,160 Dwight Hill,5527 Utah Pass,Texas,78682,US,512-859-2312
1266,Ilaire,Aleevy,8 David Road,0567 Longview Circle,California,93778,US,559-984-1944
1267,Mead,Iacovaccio,2 Badeau Lane,909 American Ash Alley,Illinois,60614,US,773-693-9607
1268,Heinrick,Riddock,79 Maywood Trail,026 Bluestem Parkway,Florida,33261,US,305-912-8198
1269,Levey,Maliffe,4901 Red Cloud Pass,9284 Norway Maple Park,Connecticut,06912,US,203-680-6953
1270,Etty,O'Crevy,60650 Continental Center,0 Northridge Lane,Florida,33330,US,954-360-1354
1271,Merrick,Mogford,27100 Monica Center,82 Chive Center,West Virginia,25336,US,304-392-6932
1272,Traver,Dain,4855 Blackbird Court,97 Sheridan Hill,New York,12255,US,518-720-0173
1273,Bourke,Divers,44791 Upham Park,8 Anzinger Plaza,Georgia,31132,US,404-900-6526
1274,Ulrica,Rebichon,63 Thierer Drive,80919 Village Way,Ohio,44505,US,330-145-9288
1275,Haskell,Stanfield,8350 Maywood Street,201 Northland Alley,California,94154,US,415-263-9499
1276,Alvina,Sivyer,8635 Bartelt Pass,15 Reinke Pass,California,92013,US,760-714-0125
1277,Paton,Charker,303 Gale Park,468 Hoard Alley,Nevada,89115,US,702-282-5024
1278,Obadiah,Redwing,61 Sullivan Terrace,22 Lunder Drive,Massachusetts,01813,US,339-346-3751
1279,Johnathan,Fearnall,241 Fairfield Terrace,0 Stephen Pass,Alaska,99512,US,907-520-1459
1280,Mike,Danev,841 Raven Lane,6 Merrick Drive,New York,13505,US,315-312-1675
1281,Darnell,Jasper,8 Roxbury Court,40 Village Center,Georgia,30905,US,706-483-0001
1282,Nealon,Harmes,10095 Park Meadow Plaza,2 Dakota Trail,Ohio,43220,US,614-680-2370
1283,Giorgi,Siveter,81 Maple Road,9589 Ilene Street,Arizona,85005,US,480-763-3907
1284,Sidoney,Fawdery,0305 Cardinal Alley,836 Schurz Avenue,Ohio,45233,US,513-209-4500
1285,Jemmy,Ivanyushin,7 Manley Plaza,25 Melody Trail,Ohio,45403,US,937-991-4798
1286,Maren,Woodgate,84 Butternut Circle,883 Dennis Hill,California,91797,US,909-443-8935
1287,Armand,Rathborne,9246 Dixon Avenue,5 Corry Junction,New York,11231,US,917-625-2982
1288,Zelda,Gribble,36040 Westport Pass,5252 8th Alley,Georgia,31132,US,404-456-5340
1289,Meier,Robertsen,2153 Oak Valley Circle,7 Jackson Lane,Louisiana,70183,US,504-661-0369
1290,Cyndia,Scarman,868 Green Ridge Place,7196 2nd Circle,Ohio,43220,US,614-314-5593
1291,August,Crumpton,6 Sloan Park,1062 Artisan Point,South Carolina,29625,US,864-968-0126
1292,Ange,Cosser,552 Carberry Park,0297 Bowman Center,Utah,84115,US,801-229-4309
1293,Phil,Buddles,267 Old Gate Park,5 Birchwood Lane,New Mexico,88006,US,505-695-7658
1294,Travis,Claiden,5 Bellgrove Place,6 Union Pass,Florida,32204,US,904-727-4173
1295,Northrop,Johnigan,607 Crownhardt Avenue,24160 Autumn Leaf Pass,District of Columbia,20380,US,202-477-0168
1296,Leslie,Allsup,603 Badeau Park,571 Ruskin Road,Illinois,62205,US,618-741-2931
1297,Cassie,Bucknell,75 La Follette Street,64791 Algoma Hill,Florida,33405,US,772-738-3493
1298,Dennie,Pattingson,52 Lakewood Gardens Parkway,94268 Grover Parkway,Kansas,66105,US,913-932-4443
1299,Janina,Ridgewell,99 Green Avenue,40997 Warner Circle,South Carolina,29905,US,843-561-2652
1300,Arvy,Dicky,31319 Warner Lane,058 Chive Crossing,New York,12255,US,518-856-3729
1301,Doralynn,Tetley,20 Briar Crest Junction,553 Manley Circle,Illinois,61709,US,309-495-7659
1302,Ban,Newall,72 Forest Hill,70 Delladonna Trail,New York,14652,US,585-325-2790
1303,Carine,Allsep,900 Delladonna Terrace,258 Gerald Trail,Georgia,30506,US,678-623-3610
1304,Evin,Simco,703 Sycamore Plaza,8632 Menomonie Court,South Carolina,29215,US,803-646-3461
1305,Candida,Cratere,10 Montana Trail,66207 Hollow Ridge Way,Ohio,44321,US,330-706-8674
1306,Hestia,Boken,7892 Bayside Point,8821 Thierer Way,District of Columbia,20520,US,202-396-8940
1307,Lorna,Risley,9913 Ludington Point,54812 Old Shore Crossing,Connecticut,06105,US,860-836-5618
1308,Camella,Brien,2 Service Park,860 Kinsman Crossing,New Mexico,87195,US,505-368-5472
1309,Lyn,Gass,0243 Garrison Terrace,5 Sugar Terrace,Colorado,80241,US,303-105-4663
1310,Mendy,Cregin,09 Bay Crossing,85186 Sutteridge Place,Ohio,44720,US,330-983-5194
1311,Cornie,De Vries,22 John Wall Circle,86 Eastwood Park,Oklahoma,73179,US,405-811-5713
1312,Rahal,Comerford,5 Hayes Court,57423 Mayfield Trail,West Virginia,25326,US,304-337-2209
1313,Efren,Jerzycowski,7280 Sloan Court,54628 Bunker Hill Center,South Dakota,57193,US,605-225-0544
1314,Errick,Fridd,3 Wayridge Avenue,44 Glacier Hill Alley,Minnesota,55573,US,952-798-0457
1315,Marylou,Braney,71 Bellgrove Avenue,4527 Merrick Plaza,Virginia,24503,US,434-978-5167
1316,Adam,Mouget,52502 Pleasure Point,5330 Vahlen Point,California,90094,US,323-877-7944
1317,Nada,Youle,973 Bartelt Place,9703 Waxwing Hill,Massachusetts,01654,US,508-677-9044
1318,Brunhilde,McRorie,1566 5th Road,506 Grasskamp Trail,Iowa,50393,US,515-647-1307
1319,Gilda,Taig,86767 Old Shore Way,75 8th Alley,New York,10029,US,212-961-4566
1320,Winn,Giannoni,40758 Clarendon Circle,326 Vera Junction,Florida,33261,US,305-866-7829
1321,Neron,Nenci,282 Straubel Point,023 South Avenue,Georgia,30245,US,678-464-2949
1322,Willyt,Pinhorn,7345 Lake View Hill,84 Loeprich Pass,Oregon,97296,US,503-541-6250
1323,Marianne,Olorenshaw,450 Sachs Trail,72 Starling Pass,Pennsylvania,19172,US,215-970-4023
1324,Sela,Peakman,1619 Autumn Leaf Alley,9093 Crowley Center,Texas,78710,US,512-429-8607
1325,Gennifer,Kloska,95 Shopko Trail,59 Miller Court,Florida,32830,US,407-373-9211
1326,Allianora,Have,56941 Hansons Terrace,13 Macpherson Crossing,North Carolina,28405,US,910-355-6017
1327,Welby,Tollet,25 Coolidge Alley,3646 Marcy Way,Oklahoma,74170,US,918-790-4348
1328,Verne,Wasselin,96 Golf View Road,16442 Bluejay Drive,Minnesota,55123,US,651-512-9935
1329,Dionne,Salaman,27 Dexter Center,53928 Twin Pines Plaza,Florida,33915,US,239-368-9072
1330,Andras,Sanz,6 Karstens Drive,967 David Trail,District of Columbia,20062,US,202-127-9954
1331,Mart,Lutzmann,5009 Brown Pass,14 Fremont Alley,Texas,78210,US,210-885-3466
1332,Benedicta,Scawen,56 Hovde Lane,8 Atwood Way,Illinois,60636,US,312-973-6005
1333,Nolie,Pepon,4 Kipling Park,697 Monica Terrace,New York,11499,US,212-309-5487
1334,Carl,Itscowics,6366 Lindbergh Trail,293 Killdeer Center,California,95210,US,209-404-0005
1335,Giustina,Matoshin,48459 Northwestern Lane,8 Esker Court,Pennsylvania,15279,US,412-522-3738
1336,Roldan,Pearde,4630 Golden Leaf Junction,502 Dwight Crossing,Colorado,80005,US,303-796-6289
1337,Brew,Rodbourne,0 Nevada Place,68473 Oneill Way,Texas,77705,US,409-177-1344
1338,Corey,Gladdin,2 Clove Road,85 Waxwing Lane,Alaska,99517,US,907-157-8282
1339,Flin,Luppitt,7619 Heffernan Road,71 Russell Lane,Hawaii,96805,US,808-879-3126
1340,Daffie,Cullinan,870 Petterle Alley,3643 Autumn Leaf Trail,Arizona,85025,US,623-363-1592
1341,Cleavland,Vennings,687 Division Plaza,538 Farmco Hill,Indiana,46254,US,317-387-7154
1342,Sandi,Stoak,60 Ohio Junction,73 Meadow Valley Avenue,Massachusetts,01610,US,508-543-4041
1343,Arliene,Moorfield,80 Schiller Way,6 Cambridge Junction,Oklahoma,73109,US,405-174-8635
1344,Regine,Rumble,3 Cambridge Road,233 Hagan Alley,Florida,34629,US,727-345-3751
1345,Jeralee,O'Dee,5526 Steensland Trail,60 Basil Center,Florida,33963,US,239-807-0080
1346,Colby,Fassbender,8096 Mendota Center,93 Vahlen Road,Illinois,60630,US,847-763-0250
1347,Winnifred,Crees,742 Marcy Terrace,19669 Dovetail Street,Texas,79989,US,915-723-9370
1348,Marlowe,Rodman,01113 Carberry Point,88436 Monterey Plaza,Florida,33487,US,305-145-4163
1349,Bobbe,Silliman,1 Texas Point,4141 Schiller Avenue,California,95108,US,408-237-7988
1350,Stacie,Kleint,38106 Kings Trail,2804 Main Pass,Wisconsin,53726,US,608-409-6911
1351,Willi,Gookey,7 Pond Parkway,70054 Aberg Junction,Montana,59112,US,406-972-2150
1352,Alphonso,Stafford,363 Pleasure Street,5919 Lillian Avenue,Virginia,22036,US,571-851-8238
1353,Ellwood,Picford,13 Basil Park,610 Stang Place,Florida,33633,US,813-367-2602
1354,Maynard,Insworth,4 Graedel Park,49 Thierer Circle,Colorado,80217,US,303-550-5613
1355,Leisha,Golds,76 Northfield Pass,93 Buell Center,North Carolina,28220,US,704-258-8729
1356,Ofilia,Benyan,439 Mccormick Plaza,5 Maywood Terrace,Montana,59112,US,406-305-6450
1357,Halimeda,Sporgeon,45932 Sunbrook Street,19444 Marquette Court,Washington,98121,US,425-399-4763
1358,Kristofer,Jose,46441 Daystar Plaza,237 1st Street,Iowa,50305,US,515-655-2548
1359,Agatha,Egalton,288 Daystar Street,77 Transport Lane,Florida,33190,US,305-575-2736
1360,Kendell,Cleghorn,007 Maple Terrace,9101 Northport Road,Georgia,31914,US,706-668-1980
1361,Hyacintha,Sibbe,89 Corry Place,2 Moose Point,Arizona,85732,US,520-799-0944
1362,Monah,Gaddesby,7 Jay Avenue,986 Sunnyside Junction,Louisiana,71105,US,318-540-1243
1363,Beilul,Crowthe,9184 Iowa Center,75 Macpherson Place,Georgia,30066,US,678-791-4690
1364,Georgianna,Tevelov,75070 Anhalt Pass,0328 Porter Avenue,Illinois,60646,US,312-854-4264
1365,Wynn,Peasee,22 Brentwood Park,7 Linden Road,California,92555,US,951-851-9235
1366,Kameko,Brittin,6445 American Avenue,748 Summit Road,Missouri,63158,US,314-864-1855
1367,Mercie,Sylvester,25393 Swallow Avenue,2 Clyde Gallagher Way,California,92105,US,619-756-0964
1368,Clarance,Gourdon,9 Lawn Pass,55 Springs Avenue,Wisconsin,53726,US,608-748-2129
1369,Vally,Finn,2817 Harper Circle,712 Moose Street,California,93740,US,559-244-1794
1370,Tadeas,Huffer,297 Sachs Parkway,2869 Veith Court,Georgia,31914,US,706-787-0059
1371,Yul,Heineken,793 Rowland Court,32 Bay Plaza,Arizona,85025,US,623-635-4527
1372,Giff,Ivakhin,6960 Burrows Avenue,81842 Dwight Lane,Texas,88584,US,915-748-9906
1373,Sam,Upex,5 Harper Crossing,85620 Lawn Terrace,Arkansas,71914,US,501-404-0534
1374,Tomasine,Wapple,63420 Briar Crest Pass,6 Hanover Park,Pennsylvania,19151,US,610-856-6409
1375,Jonah,Farrans,44135 Prentice Junction,26 Memorial Pass,Pennsylvania,17140,US,717-679-7168
1376,Ravi,Trewhitt,4 Ohio Lane,40 Montana Hill,California,93740,US,559-512-9722
1377,Howie,Denton,8204 Florence Place,7186 Hansons Circle,Florida,33129,US,305-284-6543
1378,Wyndham,Vanichev,767 Victoria Way,81313 Jana Street,Virginia,23225,US,804-410-0077
1379,Carline,Kilbride,37889 Merry Avenue,9 Buell Circle,Ohio,43615,US,419-270-7537
1380,Beilul,Browse,87714 Clove Street,2 Monument Drive,Nevada,89193,US,702-227-6529
1381,Germana,Yglesia,19 Merry Hill,38 Dennis Street,Texas,76711,US,254-492-1478
1382,Bruce,Van Dijk,29292 Canary Terrace,01792 Bartillon Parkway,Indiana,47732,US,812-958-9546
1383,Marget,Schermick,9066 Dayton Hill,36002 Marquette Avenue,Kentucky,40515,US,859-896-7560
1384,Fenelia,Mee,30481 Jenna Drive,175 Nancy Trail,Florida,33462,US,561-235-3568
1385,Jeremiah,Witterick,3317 Glendale Plaza,97035 Glendale Trail,Oklahoma,74103,US,918-107-6606
1386,Betteann,Jolliffe,014 Eggendart Parkway,3 Pierstorff Court,California,94230,US,916-473-0403
1387,Claudetta,Sommerland,48 Meadow Valley Place,35 Algoma Way,North Carolina,28210,US,704-984-5948
1388,Dilan,Nowell,996 Lakewood Pass,30352 Scofield Place,Georgia,30506,US,678-770-3621
1389,Linnell,Northam,19 Spohn Trail,660 Del Mar Crossing,New York,10004,US,718-877-5299
1390,Stanislas,McGeouch,96 Katie Trail,65547 Annamark Pass,Texas,77250,US,713-600-4281
1391,Aileen,Doogan,09 Hagan Place,7 Green Ridge Crossing,Missouri,64153,US,816-274-1037
1392,Betti,Strathman,9 Pepper Wood Junction,96 Golf Course Lane,Texas,76305,US,940-665-6694
1393,Nikolas,Oldridge,9126 Lyons Junction,5 Armistice Hill,Illinois,60669,US,312-574-7623
1394,Rice,Wannes,079 Nevada Park,10703 Merry Terrace,Maryland,21281,US,410-636-3644
1395,Shurwood,Davidow,9 Claremont Court,2043 Ramsey Junction,California,93291,US,209-787-6553
1396,Leigha,Matiewe,61510 Arizona Avenue,950 Declaration Street,Georgia,30386,US,404-780-2917
1397,Harold,Gori,417 Jana Way,6153 Del Mar Crossing,Oklahoma,73197,US,405-906-2198
1398,Tally,Augur,2979 Rowland Junction,33 School Place,Ohio,45271,US,513-555-4155
1399,Neville,Aldam,1837 Emmet Lane,96643 Loeprich Drive,North Carolina,27150,US,336-240-2735
1400,Gordon,Burds,05819 Nevada Court,49 Heath Court,California,92196,US,619-713-2329
1401,Tonie,Satterlee,11158 Porter Trail,591 Longview Way,Texas,75185,US,972-163-7458
1402,Pet,Kemmey,12 Gale Parkway,91935 Packers Street,District of Columbia,20057,US,202-218-9853
1403,Doloritas,Grestye,51 Kinsman Crossing,1283 Rowland Crossing,Iowa,50320,US,515-200-0640
1404,Shelton,Jillions,98 Gina Center,05372 Ronald Regan Drive,California,94522,US,925-739-7388
1405,Meggi,Fronks,712 Loomis Court,89 Mesta Place,Virginia,22047,US,571-926-8207
1406,Lonnard,Conor,39851 Oakridge Trail,74 Bashford Trail,Kentucky,40225,US,502-530-3123
1407,Trumaine,Barette,2681 Warner Alley,903 Independence Trail,Michigan,48912,US,517-187-1834
1408,Ave,Heaker,5 Express Way,4895 Dixon Pass,Florida,33310,US,754-343-4270
1409,Teresita,Hiland,55419 Truax Lane,9 Glendale Hill,Texas,75277,US,214-327-6440
1410,Barrie,Maxsted,17976 Bobwhite Point,561 Erie Parkway,Colorado,80951,US,719-859-0970
1411,Hannie,Mitchener,120 Independence Drive,2 Fisk Way,Minnesota,55428,US,612-845-6153
1412,Bobinette,Hansill,176 Northland Junction,3566 Golf Park,Ohio,44905,US,419-199-1488
1413,Trever,Jedrzejkiewicz,43730 Grim Way,327 South Plaza,Georgia,31196,US,404-530-2380
1414,Coleman,Tumilty,3093 Pleasure Hill,70 Golf View Street,Florida,33710,US,727-138-5529
1415,Antin,Garland,54 Morrow Point,69595 Ohio Court,Virginia,23464,US,757-644-4794
1416,Sophey,McFeat,303 Hovde Street,014 Monica Court,Virginia,23285,US,804-174-6176
1417,Shelton,Blenkinsop,22 Fairview Trail,546 Bobwhite Avenue,Georgia,31132,US,404-177-1909
1418,Hillie,Bourgaize,92 Old Shore Crossing,00 Manitowish Point,Louisiana,70160,US,504-923-2520
1419,Marabel,Petchey,70 Kings Parkway,26 Kropf Avenue,Florida,33180,US,954-856-5345
1420,Elset,Seefus,70 Park Meadow Park,89236 Delladonna Terrace,Virginia,23237,US,804-998-8670
1421,Shep,Birdall,446 Forest Run Road,8817 Morning Pass,Ohio,43610,US,419-944-7451
1422,Archibold,Midner,3273 Schiller Crossing,12 Carberry Crossing,California,92170,US,619-394-1840
1423,Karola,Hansman,671 Delladonna Way,011 Myrtle Crossing,Michigan,48076,US,586-400-6500
1424,Sherye,Merryweather,575 Esch Avenue,5 Transport Alley,Kentucky,40510,US,859-210-4171
1425,Dulcy,Blodgetts,31579 7th Trail,8 Hovde Way,Missouri,65805,US,417-457-3557
1426,Dallas,Batthew,8195 Muir Terrace,779 Shopko Park,South Carolina,29403,US,843-872-3932
1427,Karon,D'Onise,9428 Charing Cross Way,4933 Sunnyside Drive,California,93311,US,661-827-4315
1428,Chrysa,Pee,2 Delladonna Street,7 Fallview Hill,South Dakota,57105,US,605-523-9987
1429,Grenville,Cheesworth,18163 Burrows Drive,29619 Tony Hill,Indiana,46825,US,260-804-1310
1430,Constantina,Shaylor,1 Fairview Street,76 Melody Drive,Texas,78749,US,512-227-4376
1431,Remington,Shovelbottom,18 Mcbride Circle,55679 Doe Crossing Way,Indiana,46814,US,260-930-9049
1432,Ivette,Hayter,8 Di Loreto Junction,30 Manitowish Center,Iowa,51110,US,712-694-4200
1433,Bo,Collinson,91 Merrick Terrace,26175 Ridge Oak Court,Minnesota,55417,US,612-601-5953
1434,Wally,Slator,8 Sauthoff Crossing,24010 Union Place,New York,14220,US,716-127-3541
1435,Dorene,Kildale,03230 Clarendon Avenue,488 High Crossing Center,Colorado,80920,US,719-527-3143
1436,Arney,Pentland,7765 Stang Circle,238 8th Parkway,New Jersey,08638,US,609-616-0347
1437,Lori,Oldacre,686 Bluejay Alley,01267 Myrtle Hill,North Carolina,27499,US,336-212-8693
1438,Bondy,Keems,9553 Merchant Way,0095 Waubesa Park,California,91205,US,323-266-2217
1439,Ethelin,Ashmole,7 Kropf Point,7 Heffernan Court,Louisiana,70183,US,504-127-7036
1440,Kare,Shenton,0687 8th Alley,317 Mallory Point,Florida,33330,US,954-604-9781
1441,Kennie,Ishak,4 Victoria Plaza,791 Anhalt Park,Pennsylvania,19104,US,267-110-2794
1442,Kara-lynn,Pole,7 Calypso Point,08 Longview Place,Iowa,52405,US,319-890-9107
1443,Gianna,Yarwood,5 Luster Place,810 Washington Avenue,New Mexico,87190,US,505-741-6312
1444,Sue,Starten,408 Washington Junction,878 Eagan Avenue,Kansas,66611,US,785-418-7966
1445,Wallis,Soff,6609 Marcy Road,7 Main Street,Connecticut,06183,US,860-296-1676
1446,Dorey,Kliemann,347 Bowman Alley,1 Oakridge Center,California,93726,US,209-948-9173
1447,Allie,McDirmid,79990 Arapahoe Park,90 Heath Point,Florida,33467,US,561-388-1815
1448,Patric,Kikke,91266 Lukken Street,29 Maple Wood Park,California,95194,US,408-330-6712
1449,Justus,Savell,64464 Vermont Road,7799 Myrtle Lane,Ohio,44485,US,330-804-7830
1450,Tanhya,Ramel,23 Northridge Alley,91 Lotheville Hill,Texas,76105,US,682-328-0721
1451,Rob,Bromwich,4364 Hanover Road,385 Nancy Crossing,California,90505,US,310-490-8627
1452,Agretha,Brozsset,1772 Graedel Alley,78419 Northland Circle,Ohio,44177,US,216-831-4828
1453,Jolynn,Fibbings,556 Everett Plaza,296 Westerfield Terrace,Texas,76305,US,940-834-6075
1454,Brier,Saltrese,5 Oak Drive,96 Grasskamp Hill,Arizona,85015,US,602-938-9649
1455,Hilly,Smeaton,78 Pepper Wood Alley,70086 Maple Wood Plaza,Minnesota,55423,US,952-601-6741
1456,Finley,Trevascus,1 Bashford Avenue,5 Dennis Circle,Virginia,23208,US,804-225-3382
1457,Flin,Gumn,3981 Meadow Valley Point,26557 Brown Way,California,92196,US,619-732-5876
1458,Norma,Cuxson,996 Nancy Crossing,2067 Hauk Place,Indiana,46266,US,317-866-9169
1459,Rich,Ibbitson,10605 Roth Lane,7 Ryan Drive,West Virginia,25716,US,304-711-0333
1460,Reagen,Kobpal,2 Mitchell Point,21476 Shelley Center,North Carolina,27425,US,336-462-6019
1461,Eden,Tredinnick,4 Kensington Road,15215 Ruskin Alley,Alabama,35225,US,205-948-2835
1462,Junina,Dandison,82418 Bunting Place,8916 Mockingbird Parkway,Illinois,60657,US,312-676-1992
1463,Zulema,Schroter,5085 Truax Center,8887 Esker Park,Georgia,30306,US,770-357-0341
1464,Moira,Harteley,26 Porter Lane,6 Goodland Pass,Virginia,23289,US,804-532-1845
1465,Mollee,Geeves,11399 Brentwood Parkway,84 Claremont Road,Pennsylvania,19131,US,215-131-2245
1466,Felipe,Devo,1289 Mallory Hill,8 Kipling Hill,Arizona,85271,US,480-864-3609
1467,Pippa,Moralis,78 Sullivan Center,05 Lerdahl Hill,California,90076,US,323-341-6928
1468,Hortense,Blackston,3 Nevada Park,559 Badeau Pass,Arizona,85010,US,602-791-9359
1469,Alfy,Varndell,1312 Esker Place,97 Lyons Circle,Massachusetts,01905,US,617-563-2624
1470,Margarete,Cottrill,1 Rutledge Court,12 Manufacturers Terrace,Washington,98907,US,509-813-5146
1471,Rachel,Sunock,519 6th Circle,145 Gina Junction,Texas,79955,US,915-499-5847
1472,Koralle,Stapleford,08707 Boyd Alley,50313 Fieldstone Trail,Iowa,50330,US,515-290-2424
1473,Hy,Volkers,36909 Northland Court,06461 Calypso Parkway,Nebraska,68144,US,402-505-7224
1474,Benedetto,Broxup,10 Shasta Avenue,4 Haas Junction,Texas,79945,US,915-806-7436
1475,Rriocard,Mays,318 Eggendart Trail,4464 Autumn Leaf Park,Tennessee,38188,US,901-102-6591
1476,Iago,Gilburt,629 Golf Drive,91019 Pepper Wood Way,Colorado,80951,US,719-747-0016
1477,Garold,Minster,201 Bonner Hill,7 Tony Point,Montana,59105,US,406-698-3389
1478,Eden,Marsh,03587 Dahle Circle,52 Elmside Road,California,94913,US,415-725-0888
1479,Elsy,Berlin,47 Eggendart Plaza,209 Anthes Plaza,New York,13251,US,315-190-2267
1480,Melonie,Trillow,86358 Hovde Trail,05742 Dexter Way,Indiana,46896,US,260-596-2546
1481,Darcy,Gautrey,93 Emmet Pass,15283 Karstens Hill,New York,11044,US,516-860-6106
1482,Harley,Matias,9428 Meadow Valley Junction,91052 Leroy Pass,Ohio,43284,US,614-594-1159
1483,Antone,Eymor,342 Lake View Parkway,8833 Swallow Crossing,Pennsylvania,17405,US,717-252-5928
1484,Alfy,Dearing,93555 Corben Avenue,42667 Derek Avenue,Idaho,83722,US,208-714-1178
1485,Leonanie,Grigolashvill,5954 Hallows Road,98 New Castle Crossing,Wisconsin,53215,US,414-946-5586
1486,Rachael,Castellanos,2374 Sauthoff Circle,1872 Spenser Lane,Connecticut,06816,US,203-818-3408
1487,Elisa,Gerardet,9 Atwood Lane,9 Drewry Avenue,North Carolina,27717,US,919-108-2698
1488,Alysa,Godman,6 Knutson Lane,50483 Transport Avenue,Georgia,30033,US,404-538-8925
1489,Cristin,Mothersdale,88838 Mariners Cove Place,27 Hermina Point,Michigan,48912,US,517-331-5952
1490,Newton,Ebbett,53 Nobel Plaza,5 Beilfuss Plaza,Ohio,44505,US,330-965-2549
1491,Tobit,Childs,7 Dexter Junction,0 Kensington Lane,Washington,98115,US,206-533-9584
1492,Redd,Nardoni,7057 Corben Place,17 Tony Way,Florida,32209,US,904-807-5755
1493,Rafaello,Townsley,61013 Coolidge Junction,37057 Oxford Pass,Pennsylvania,16534,US,814-440-4624
1494,Helen,Maskew,3140 Hoard Terrace,56 2nd Park,Nebraska,68134,US,402-655-5066
1495,Jorie,Greeding,682 Almo Lane,42 Gateway Circle,North Carolina,27409,US,336-719-8702
1496,Nicolette,Linley,4940 Jenna Park,27537 Talmadge Alley,Georgia,31914,US,706-817-1168
1497,Helen-elizabeth,Romaines,44199 Pearson Place,0862 East Drive,Texas,78225,US,210-941-1353
1498,Deena,Nowland,79268 Hollow Ridge Trail,723 Upham Circle,Texas,79994,US,915-729-3677
1499,Bianca,Danis,368 Tomscot Way,69804 Nevada Center,California,94280,US,916-432-3544
1500,Reagen,Catcherside,631 Havey Street,576 Sachs Crossing,Utah,84409,US,801-327-4869
1501,Garrett,McLinden,84 Milwaukee Avenue,1955 Clove Lane,Georgia,31422,US,912-396-4829
1502,Starlin,Saville,7 Haas Hill,95 Center Parkway,Missouri,64136,US,816-242-9839
1503,Chilton,Randals,85125 Lakewood Gardens Road,50534 Homewood Center,Arizona,85743,US,520-847-8194
1504,Neille,Newcomb,03929 Lindbergh Drive,3 American Ash Pass,Florida,33742,US,727-520-7404
1505,Gertruda,Saffin,43 Tennessee Hill,5448 Village Pass,Ohio,43226,US,614-348-6159
1506,Amie,Fitzmaurice,03 Warner Trail,433 Lyons Alley,Connecticut,06726,US,203-350-1708
1507,Rhianon,Beveridge,33228 Cambridge Place,50 Jay Pass,Texas,76711,US,254-895-7314
1508,Adam,Ranns,806 Pierstorff Park,47013 Oakridge Place,Missouri,63196,US,314-933-4926
1509,Karlens,Georgel,536 Shasta Drive,16582 Farwell Circle,New York,11024,US,516-359-5612
1510,Tabby,Craigs,848 Comanche Place,1 4th Center,California,92513,US,951-697-6833
1511,Marita,Ripper,4 Pearson Pass,176 Crescent Oaks Alley,Wisconsin,53205,US,262-831-1116
1512,Alexandrina,Lockie,96760 Hagan Avenue,8 Red Cloud Drive,California,91109,US,626-989-4677
1513,Marris,Winthrop,146 Holy Cross Center,4545 Sycamore Point,Texas,75799,US,903-390-1938
1514,Evyn,Gandey,61750 Corben Junction,03427 Bartillon Center,Louisiana,70142,US,504-833-6027
1515,Kilian,Jarad,111 Blaine Parkway,19388 International Junction,Texas,79911,US,915-522-4289
1516,Ewell,Cayet,7 Express Trail,4342 Thierer Hill,District of Columbia,20430,US,202-397-0861
1517,Arne,Graffham,80859 Johnson Point,70 Oak Street,Tennessee,38308,US,731-941-1454
1518,Thekla,Stell,126 Crownhardt Plaza,192 3rd Avenue,Kentucky,40266,US,502-765-8968
1519,Susanetta,Steven,441 Clove Terrace,988 4th Parkway,Texas,76162,US,682-504-3450
1520,Elyn,McAdam,6 Boyd Pass,95 Northland Alley,Colorado,80243,US,303-544-5393
1521,Lamont,Axell,211 Waubesa Plaza,1466 Acker Lane,New York,11220,US,718-848-1671
1522,Claudie,Falco,756 Cardinal Crossing,7955 Havey Drive,Missouri,63196,US,314-303-4396
1523,Jerry,Saph,72288 Autumn Leaf Road,68 Arizona Road,Arizona,85743,US,520-398-0260
1524,Ilka,Bausmann,98 Cherokee Avenue,65 Kipling Avenue,Illinois,60681,US,312-662-7193
1525,Tanya,Driver,653 Marquette Alley,3529 Nelson Point,California,95865,US,916-437-1184
1526,Keith,Rubrow,30774 Merry Point,3 Susan Center,Michigan,49560,US,616-695-8988
1527,Marcellus,Wasiel,56 Onsgard Hill,5 Porter Alley,California,95138,US,408-968-4845
1528,Lizette,Lambirth,4684 High Crossing Trail,66528 Cascade Alley,Illinois,61635,US,309-296-3561
1529,Rebeca,Cockshut,45932 Chinook Circle,978 West Trail,Indiana,46278,US,317-370-4144
1530,Talya,Langsbury,34 Leroy Junction,07991 Bashford Trail,Michigan,48670,US,989-487-5156
1531,Robin,Blennerhassett,025 Veith Street,020 Melby Park,Indiana,47705,US,812-719-5992
1532,Tris,Tembey,5 Kings Trail,6 Mockingbird Drive,California,95150,US,408-402-9175
1533,Tod,Prys,875 Mallard Center,172 2nd Parkway,California,95833,US,916-630-3005
1534,Lynnell,Murdoch,00632 Hallows Park,85 Graceland Terrace,Colorado,80235,US,303-598-5801
1535,Fin,Francklin,9 Burrows Avenue,73 Elka Park,Nevada,89178,US,702-575-9382
1536,Kaitlin,McMains,0 Cottonwood Court,9 Jay Circle,Texas,77293,US,281-269-9475
1537,Gordon,Blampy,9170 Waywood Trail,26546 Havey Crossing,Georgia,30195,US,678-531-9485
1538,Veradis,Kiddye,7 Hoepker Park,51 Granby Lane,Arizona,85260,US,623-352-0547
1539,Helli,Wolfindale,71 Crownhardt Park,61 Moose Street,Hawaii,96850,US,808-207-9618
1540,Dione,Zannolli,0034 Loomis Parkway,2698 Reinke Point,Texas,79176,US,806-688-5620
1541,Stuart,Bellhanger,4592 Eagle Crest Park,20 Mariners Cove Place,Arkansas,72916,US,479-755-4465
1542,Aldis,Bungey,5329 Dawn Way,77233 Shelley Lane,Texas,76004,US,817-114-4811
1543,Norrie,Cadwell,83651 Old Shore Alley,53 Hermina Plaza,North Carolina,27690,US,919-507-4747
1544,West,Jeffree,8396 Eggendart Trail,71703 Manufacturers Road,Michigan,48912,US,517-815-7646
1545,Gay,Baselli,24 Hollow Ridge Park,2 Bellgrove Avenue,New Jersey,08619,US,609-995-4004
1546,Arley,Pashler,48 Dennis Terrace,40178 Northview Avenue,California,95210,US,209-689-5903
1547,Dara,Ledbetter,31623 Petterle Plaza,6074 Fisk Lane,Oklahoma,73152,US,405-807-3584
1548,Mace,Lasselle,732 Michigan Trail,4 Jackson Drive,California,93291,US,559-298-1380
1549,Tamarra,Wantling,7810 Clarendon Circle,43 Scoville Point,Maryland,20719,US,240-316-8326
1550,Demetra,Sukbhans,1637 Westerfield Lane,41 Arapahoe Plaza,Washington,98133,US,425-880-4851
1551,Waldo,Lindeman,2511 Melvin Road,25893 East Hill,Florida,33142,US,305-964-2466
1552,Romy,Ambresin,91 Waxwing Crossing,5 Corben Park,Alabama,35220,US,205-994-7623
1553,Merrill,Bellard,3 5th Trail,4611 Nelson Place,Minnesota,55108,US,612-561-4260
1554,Ivie,Torald,002 Graedel Avenue,6296 Killdeer Terrace,District of Columbia,20088,US,202-941-7810
1555,Gabriela,Rigmand,38 Coleman Place,9979 Fairfield Plaza,Tennessee,37995,US,865-187-1607
1556,Mariel,Seabourne,33916 Transport Alley,080 Golf Lane,New York,14225,US,716-449-4828
1557,Tessy,Carlisle,846 Stuart Point,54387 Goodland Alley,Virginia,24034,US,540-194-9884
1558,Edita,Pischof,81 Grayhawk Pass,4 Lake View Point,District of Columbia,20029,US,202-476-2774
1559,Gabrielle,Halton,325 Kingsford Avenue,5 Portage Road,Texas,77030,US,832-773-1717
1560,Laney,Tassaker,45 Anthes Hill,37152 Forest Run Circle,Texas,75205,US,972-938-8676
1561,Leoline,Cutsforth,2 Gateway Center,9591 Glendale Road,California,95210,US,209-138-6194
1562,Kennett,Linner,5 Namekagon Junction,232 Eggendart Road,Indiana,46634,US,574-390-3655
1563,Corey,Gooke,40212 Declaration Park,3030 Stone Corner Court,South Dakota,57193,US,605-244-0081
1564,Craggie,Losty,00 Brown Junction,58 Logan Park,California,94207,US,916-218-0215
1565,Delainey,Treasaden,45459 Talisman Crossing,9312 Memorial Avenue,Oklahoma,73124,US,405-864-0477
1566,Dael,Court,86194 Boyd Hill,8370 Northridge Lane,California,92137,US,619-619-3408
1567,Sancho,Kibblewhite,855 Browning Court,97368 Veith Junction,Colorado,80044,US,303-504-2053
1568,Imelda,Vedishchev,8 Reindahl Drive,844 Tomscot Crossing,Pennsylvania,15134,US,412-198-1495
1569,Marilyn,Duff,1 Fallview Center,9 Anniversary Park,Missouri,63136,US,314-507-8530
1570,Lidia,Hairs,0 Bluestem Trail,74 Cherokee Place,New York,14619,US,585-698-1310
1571,Cyndi,Goddard,9680 Clyde Gallagher Center,62985 Oriole Court,Texas,79999,US,915-252-3338
1572,Bart,Francois,3732 Reindahl Place,9052 Corben Pass,Washington,98516,US,360-804-9254
1573,Jacquenette,Gawthrope,95415 Welch Drive,81799 Merry Pass,California,92883,US,626-660-2764
1574,Rudie,Baddeley,1 Meadow Vale Lane,3 Waxwing Circle,Alaska,99507,US,907-913-6741
1575,Anett,Cocking,9031 Browning Drive,76039 Northland Junction,California,94622,US,510-397-8096
1576,Marinna,Botte,1 Mitchell Avenue,09 Anderson Park,South Carolina,29610,US,864-542-3723
1577,Editha,Dedon,974 Norway Maple Alley,2552 Vidon Trail,North Carolina,27605,US,919-385-0292
1578,Heidie,Sheal,0668 Eggendart Circle,59585 Pierstorff Drive,Michigan,48211,US,586-404-5347
1579,Mart,Shoreman,979 Bowman Alley,0 Clarendon Place,Washington,99260,US,509-453-5860
1580,Anna-diana,Rignold,9 Sommers Circle,149 Ridgeway Drive,Massachusetts,02124,US,617-323-0488
1581,Penelope,Havard,242 Oriole Circle,4 Main Lane,California,92555,US,951-254-2894
1582,Wilbur,Negal,909 Nevada Street,59 Victoria Point,Texas,79176,US,806-605-5312
1583,Freeland,Fishbourne,6 Aberg Point,1 Mitchell Lane,Florida,32526,US,850-478-2162
1584,Tamiko,Kinningley,85 Dayton Avenue,8 Melody Parkway,Florida,34474,US,352-895-5288
1585,Karney,Skewes,78 Nancy Crossing,49 Spaight Terrace,Arkansas,72209,US,501-733-9239
1586,Maxi,Luchetti,45 Sutteridge Plaza,3328 Dorton Way,Minnesota,55487,US,612-272-4052
1587,Ambrosio,Schwieso,09307 Kedzie Junction,5856 Monument Crossing,North Carolina,27621,US,919-972-8839
1588,Yettie,Kennally,160 Drewry Place,3272 Kenwood Terrace,Florida,33673,US,813-503-4896
1589,Alissa,Morefield,8 Quincy Place,12 Union Point,Iowa,52245,US,319-295-0253
1590,Raymond,Abarough,637 Cambridge Road,2394 Truax Pass,Florida,33448,US,561-668-9579
1591,Berton,Balstone,68739 Eagan Point,7 Welch Place,California,93034,US,805-468-1116
1592,Joceline,Johanssen,62205 Bellgrove Way,4505 Bartillon Park,New York,11236,US,718-956-7801
1593,Inez,Taig,16 Briar Crest Road,0610 Mallard Drive,Montana,59105,US,406-594-1814
1594,Benita,Hakes,3 Carpenter Terrace,1 Summerview Drive,Texas,79977,US,915-121-0900
1595,Kitti,Charrett,98 Arapahoe Way,499 Pankratz Junction,Alabama,36114,US,334-147-9423
1596,Sigvard,Stebles,139 Gina Center,23283 Daystar Road,Florida,33325,US,954-646-8052
1597,Eolanda,Sillars,83 Longview Court,250 Lukken Parkway,Texas,77234,US,713-169-5080
1598,Gracia,Sarton,322 Tomscot Way,54 Hayes Plaza,Kentucky,40546,US,859-853-2566
1599,Emmaline,Jeanenet,6400 Dwight Point,0 Sloan Point,Arizona,85045,US,602-717-4615
1600,Steffie,Biagini,178 Anzinger Hill,7882 Pearson Street,District of Columbia,20530,US,202-802-3134
1601,Camilla,Brocket,3971 Westridge Street,8684 Roxbury Drive,New Jersey,08650,US,609-976-7834
1602,Dell,Mitskevich,776 Main Drive,0 Eagle Crest Pass,Florida,33142,US,305-826-6194
1603,Jacquetta,Amott,4 Pleasure Junction,12 Vahlen Street,Georgia,30061,US,770-611-7767
1604,Fancie,Arter,38961 Pierstorff Trail,5 Katie Court,Florida,34615,US,727-648-0532
1605,Marco,Tythacott,3 Hanson Park,876 Atwood Road,California,95405,US,707-170-4722
1606,Giulio,Antognozzii,1 Reindahl Crossing,47751 Clove Junction,Florida,32118,US,407-369-1345
1607,Christi,Lawrence,21 Pearson Alley,7174 Cottonwood Park,Pennsylvania,19136,US,267-629-0099
1608,Mattias,Hollyland,19 Cody Way,682 Schurz Place,Ohio,43699,US,419-610-5601
1609,Albina,Erdis,8239 Hudson Court,14866 Thackeray Court,Wisconsin,53205,US,262-218-7427
1610,Lina,Rushe,17293 Corben Road,8 Bluejay Park,Virginia,23208,US,804-209-5785
1611,Thornton,Alesio,6578 Sullivan Terrace,96291 Miller Center,California,94245,US,916-425-7014
1612,Cornelia,Lambricht,7941 Dapin Alley,143 Green Junction,Texas,78726,US,512-945-6148
1613,Cordy,Readshall,35138 Carioca Way,761 Everett Drive,Washington,98687,US,360-866-5842
1614,Remus,Burdell,3 Hoard Alley,422 Sherman Junction,Texas,75216,US,972-464-9190
1615,Valli,Dohr,7348 Daystar Circle,2533 Grover Pass,Wisconsin,54313,US,920-165-8980
1616,Silvana,Brandt,6 Clove Terrace,63 Bay Court,Michigan,48126,US,313-635-1715
1617,Edee,Cashell,80495 Beilfuss Terrace,916 Hintze Park,Massachusetts,02162,US,508-620-1951
1618,Wynn,Perot,198 Scoville Court,2 Lakeland Avenue,Florida,32399,US,850-321-9415
1619,Garrett,Warricker,54 Lindbergh Pass,18 Dennis Plaza,New Jersey,08650,US,609-647-4009
1620,Newton,Radsdale,56788 Claremont Court,0 Hanover Park,Florida,33233,US,786-888-6653
1621,Romonda,Chaise,5764 Westport Drive,3489 Northview Plaza,Texas,79452,US,806-858-6540
1622,Vannie,Androlli,4460 Kings Junction,37 Clyde Gallagher Circle,Washington,98109,US,425-127-6256
1623,Tally,Houseman,5 Farwell Way,23 Sachtjen Drive,Pennsylvania,18105,US,610-343-0627
1624,Leticia,Cloney,4820 Lukken Hill,34965 Sutteridge Place,Virginia,24503,US,434-746-7696
1625,Zaccaria,Sturman,72 Anniversary Avenue,16426 Nelson Trail,Texas,79105,US,806-342-6809
1626,Dex,Ritzman,3296 Waxwing Point,8526 Mcbride Junction,Texas,76147,US,817-320-6241
1627,Chelsae,Attwill,0 Hermina Point,557 Lien Crossing,Florida,33310,US,754-142-4408
1628,Christie,Goodge,8 Johnson Lane,1 Eastwood Way,Michigan,49018,US,269-101-3981
1629,Marci,Ogles,3701 Susan Place,81 Wayridge Street,California,95138,US,408-506-3497
1630,Toby,Postins,90 Vidon Junction,12 Mockingbird Alley,Oklahoma,74149,US,918-297-6939
1631,Dalt,Hallihan,7 Buell Road,9246 Saint Paul Alley,Pennsylvania,15134,US,412-844-0779
1632,Amory,Harbison,40626 Marcy Alley,8 La Follette Trail,Georgia,30066,US,678-321-1612
1633,Wally,McAvaddy,4 Paget Crossing,4925 Pearson Center,Florida,32215,US,904-381-1424
1634,Em,de Lloyd,2093 Rockefeller Avenue,3026 Basil Street,Alabama,35895,US,256-151-7246
1635,Brook,Vigours,551 Gerald Place,2096 Waubesa Place,Texas,75605,US,903-793-5014
1636,Georgina,Wiersma,84387 Glacier Hill Pass,6 Scofield Crossing,Hawaii,96815,US,808-807-2204
1637,Prince,Weedenburg,5 Gina Court,67971 Shasta Court,Connecticut,06905,US,203-755-3206
1638,Burnaby,Everson,06 Corry Point,9860 Main Place,Tennessee,38109,US,901-106-6996
1639,Aviva,Farrell,5480 Manufacturers Junction,222 Packers Pass,Texas,76192,US,682-396-8866
1640,Merline,Rentoul,201 Miller Crossing,4 Browning Center,Arizona,85210,US,602-482-5716
1641,Fina,Hawson,709 Lawn Drive,9 Aberg Alley,Missouri,65105,US,573-125-9347
1642,Emalee,Besque,6 Hovde Court,1 Debs Alley,Texas,79940,US,915-812-7700
1643,Joana,Bravery,92693 Maple Wood Trail,836 Dahle Hill,Texas,75358,US,214-746-6216
1644,Loren,Rookledge,61 Forster Lane,286 Washington Lane,Illinois,60351,US,309-617-2225
1645,Charmian,Quinney,17985 Twin Pines Road,51 Kings Trail,Oklahoma,73104,US,405-448-4205
1646,Felicle,Hazlegrove,73306 Redwing Street,56486 Bultman Lane,Texas,75799,US,903-712-9362
1647,Milt,Cinavas,785 Burning Wood Parkway,9302 Carioca Pass,Washington,98185,US,206-214-3346
1648,Laurene,Hoxey,47 Logan Park,351 Gale Crossing,Texas,77218,US,713-182-1586
1649,Cello,Marriner,82737 Amoth Lane,65544 Packers Alley,West Virginia,25336,US,304-832-6447
1650,Anabelle,Gyppes,9487 Oneill Point,24 Westerfield Avenue,Texas,79934,US,915-642-1055
1651,Ezechiel,Van Son,515 Green Parkway,3416 Porter Place,Texas,88584,US,915-571-5880
1652,Doy,Leafe,095 Hanover Center,032 Jana Place,California,91103,US,626-352-2195
1653,Haskell,Bengle,88492 Union Plaza,89 Main Alley,California,95397,US,209-415-8432
1654,Cate,Dunstall,0381 Bartillon Drive,592 Clove Way,Texas,78220,US,210-937-8845
1655,Justine,Royce,077 Cambridge Place,16 Declaration Trail,Idaho,83206,US,208-845-8124
1656,Yetty,De Bischop,1 Utah Hill,12 Clyde Gallagher Court,Virginia,23237,US,804-126-0086
1657,Corene,Letford,31 Fremont Point,38988 Express Point,Washington,98405,US,253-822-6728
1658,Borg,Chippindall,670 Chive Court,54 Mandrake Drive,California,92170,US,619-233-9167
1659,Gwenneth,Myatt,7 Sauthoff Park,2 Fairfield Way,North Carolina,27626,US,919-641-8056
1660,Celestia,Gabites,847 Rutledge Place,846 Sutteridge Road,District of Columbia,20010,US,202-844-3381
1661,Raine,Lahy,5430 Bay Drive,4 Dexter Crossing,Connecticut,06726,US,203-998-6079
1662,Merrielle,Dudlestone,38 Corry Hill,286 Eliot Park,Missouri,63110,US,314-766-5336
1663,Hugh,Petters,38021 Morrow Drive,427 Lighthouse Bay Court,Ohio,44118,US,216-685-7832
1664,Cyndie,Celli,4 Briar Crest Street,363 Kensington Pass,District of Columbia,20005,US,202-387-5083
1665,Cindi,Petkovic,8013 East Junction,28902 Iowa Center,Colorado,80204,US,720-296-9218
1666,Allistir,Myerscough,1 Jackson Lane,21198 Lake View Crossing,Pennsylvania,16550,US,814-591-2553
1667,Micky,Tivenan,4 Ilene Pass,46 Crownhardt Circle,Arizona,85072,US,602-183-5858
1668,Alika,Gilbride,5 Mcguire Court,3 Lyons Junction,Connecticut,06721,US,203-524-5705
1669,Marven,Fidgeon,518 Twin Pines Plaza,2645 Bluestem Plaza,Maryland,20784,US,301-234-8411
1670,Mario,Craister,8066 Butterfield Way,13348 Schurz Drive,Alabama,35810,US,256-144-5478
1671,Melly,Hallybone,38587 Graedel Drive,86491 Moose Terrace,Arizona,86305,US,520-191-9337
1672,Brynna,Scapens,9 Miller Avenue,690 Barnett Crossing,New Jersey,08650,US,609-552-8529
1673,Cally,Tash,8967 Magdeline Point,14 Arizona Way,Florida,33134,US,786-497-3392
1674,Lari,Copeland,156 Sloan Center,8 West Avenue,Pennsylvania,15235,US,412-359-0402
1675,Merla,Bretherick,676 Troy Plaza,909 Nova Park,Florida,33158,US,786-224-9797
1676,Marsh,Kayser,10 Bowman Way,7910 Columbus Street,California,90810,US,562-597-3938
1677,Patric,Woolliams,5267 Darwin Alley,761 Leroy Point,District of Columbia,20436,US,202-101-5789
1678,Sherm,Bunyard,39 Birchwood Drive,230 Bowman Trail,Oklahoma,73197,US,405-108-0431
1679,Anne-corinne,Dillaway,63791 Memorial Park,9 Manley Street,Kansas,67220,US,316-138-6181
1680,Agata,Doveston,347 Crescent Oaks Lane,6708 Waywood Center,Tennessee,37931,US,865-295-0080
1681,Derwin,Wealleans,3 Ludington Pass,484 Crownhardt Center,New York,11210,US,718-522-1239
1682,Kathye,Wadlow,073 Florence Terrace,9 Monument Point,Texas,88553,US,915-597-1094
1683,Bord,Sonschein,733 Scott Pass,489 Mallory Road,District of Columbia,20404,US,202-307-4072
1684,Drud,D'Oyly,6556 Hintze Pass,5 Moose Court,North Carolina,27690,US,919-263-1749
1685,Chandra,Kellogg,3744 Sunbrook Park,1660 Ohio Court,District of Columbia,20546,US,202-277-2435
1686,Reagan,Rossbrook,57 Lunder Road,93 Dwight Road,Florida,33261,US,305-318-1960
1687,Charmine,Tebald,23259 Mayer Crossing,2 Pleasure Lane,Connecticut,06825,US,203-885-4794
1688,Marion,Espy,52 Bunting Alley,39036 Donald Trail,Illinois,60669,US,312-247-2789
1689,Raf,Dumbrall,24229 Scott Hill,2229 Swallow Plaza,Tennessee,38161,US,901-973-9075
1690,Colver,McEttigen,87 Harper Hill,12243 Northview Plaza,Colorado,80925,US,719-729-4697
1691,Gerhardt,Ofen,583 Spenser Avenue,4 Crest Line Hill,Utah,84135,US,801-418-0218
1692,Shandy,Tiplady,83787 Macpherson Trail,31 Mcbride Plaza,Tennessee,37240,US,615-185-4197
1693,Sibylle,Waterson,3855 Anzinger Terrace,97539 Michigan Junction,Nevada,89105,US,702-431-8631
1694,Brew,Bail,4 Schlimgen Lane,062 Magdeline Alley,Louisiana,70894,US,225-492-4903
1695,Blinni,Boydell,619 Ridgeview Hill,9 Coolidge Alley,New York,10249,US,212-842-8255
1696,Ana,Yabsley,5 Erie Drive,909 Starling Street,Texas,76110,US,682-877-4221
1697,Gelya,Weigh,17 West Place,1 Norway Maple Terrace,Texas,76147,US,817-578-2848
1698,Birch,Chalkly,2 Hoard Hill,17599 Talmadge Court,Louisiana,71208,US,318-749-4757
1699,Avery,Boulton,412 Westridge Alley,08 4th Street,California,92105,US,619-303-1842
1700,Rowe,McKoy,52 Stoughton Junction,6 Mesta Park,Virginia,24024,US,540-250-2608
1701,Eldredge,McInnery,60 Packers Alley,87 Basil Park,Iowa,50315,US,515-774-9567
1702,Dorris,Regis,11 Fallview Junction,1 Straubel Junction,Massachusetts,01105,US,413-453-2722
1703,Fernande,Thow,206 Pawling Plaza,30 Crest Line Court,Illinois,60208,US,847-545-0732
1704,Giana,Hustler,6 Dovetail Court,73811 Butterfield Avenue,Georgia,31210,US,478-143-1254
1705,Jacklyn,Autie,421 Pepper Wood Drive,52 Farmco Hill,Colorado,81010,US,719-793-2002
1706,Jamey,Haslegrave,5600 Merry Road,548 Quincy Crossing,New York,14205,US,716-110-0924
1707,Leodora,Fowls,37360 Killdeer Pass,6845 Dakota Way,Tennessee,37665,US,423-733-0822
1708,Jacquetta,Hadwin,45499 Hansons Hill,43444 Katie Avenue,Missouri,63158,US,314-875-7862
1709,Dominga,Ccomini,16728 Sunfield Court,03 Loeprich Circle,Texas,75310,US,214-657-4451
1710,Celka,Sowte,0 Rowland Drive,1325 Hayes Place,Massachusetts,01105,US,413-667-3880
1711,Noell,Abotson,53 Meadow Ridge Pass,35 Heffernan Junction,Louisiana,71137,US,318-148-6008
1712,Sibel,Brilleman,35034 Packers Road,540 Fieldstone Place,California,94121,US,858-483-0877
1713,Guinna,Whoston,7 Helena Point,75 Nancy Pass,Connecticut,06854,US,203-684-1575
1714,Alikee,Kubera,54115 Bellgrove Crossing,65 Scott Junction,South Carolina,29905,US,843-116-1540
1715,Skip,Beaston,8909 Gale Junction,9 Melvin Crossing,West Virginia,25705,US,304-807-1909
1716,Sella,Ecob,09353 Rieder Circle,46112 Pine View Plaza,Alabama,35810,US,256-800-2524
1717,Filide,Worsfold,1752 Di Loreto Junction,895 Manley Terrace,District of Columbia,20205,US,202-257-6787
1718,Golda,Marlow,05 Westend Road,976 Superior Terrace,California,91913,US,619-335-5133
1719,Mariele,Rodda,564 Nelson Center,5 Pepper Wood Lane,Texas,76178,US,682-943-1633
1720,Thomasina,Keywood,9486 Anthes Lane,3635 Kings Circle,California,92648,US,562-353-4870
1721,Sheilah,Shillaber,5781 Sunfield Road,1 Commercial Point,Indiana,46254,US,317-367-3994
1722,Dmitri,Holby,55397 Roxbury Center,03094 Rieder Plaza,Oklahoma,73167,US,405-400-1504
1723,Greg,Viste,34383 Northwestern Hill,4523 Mccormick Lane,New Jersey,07305,US,201-151-8490
1724,Othelia,Barkess,080 Moose Pass,1662 Delladonna Court,West Virginia,25716,US,304-833-6527
1725,Holt,Klein,384 Redwing Drive,4 Lukken Center,Tennessee,38119,US,615-533-3594
1726,Ronalda,Ellsbury,19 Veith Parkway,55957 Moulton Alley,Ohio,44710,US,330-210-4314
1727,Kissee,Mandrey,01 Waywood Junction,1949 Logan Point,California,95194,US,408-883-2079
1728,Christan,Woodwing,538 Declaration Way,0 Schlimgen Drive,New York,10464,US,718-726-4030
1729,Clarine,Pattini,37 Pankratz Street,933 Northview Avenue,Illinois,60669,US,312-272-6293
1730,Lenee,Cregeen,83 Vahlen Avenue,28 Dahle Trail,District of Columbia,20409,US,202-466-6436
1731,Fransisco,Slafford,830 Dawn Way,02 Anthes Parkway,Alabama,35225,US,205-517-2229
1732,Meghan,Dalley,09664 Arapahoe Circle,2471 Fuller Crossing,Michigan,49544,US,616-406-7989
1733,Land,Linstead,7514 Wayridge Pass,15066 Loftsgordon Road,Georgia,31196,US,404-241-9558
1734,Lion,Aldrich,4350 Fair Oaks Junction,8 Graedel Court,District of Columbia,20436,US,202-678-0255
1735,Mimi,Fruser,2 Evergreen Court,92518 Starling Point,Kentucky,41905,US,502-209-5059
1736,Kort,Mattiazzi,34 Elgar Drive,9448 Evergreen Court,Maryland,20719,US,240-856-3423
1737,Jemima,Clemenceau,06 Oak Valley Place,34788 Goodland Crossing,Florida,33432,US,954-555-9775
1738,Tye,Ruler,99300 Eastlawn Avenue,42861 Coolidge Road,Nevada,89166,US,702-305-8907
1739,Alberto,Hamil,93 Ridge Oak Circle,0 Dovetail Alley,District of Columbia,20231,US,202-714-0348
1740,Carma,Dixson,45 Russell Way,95 Hallows Alley,Texas,79105,US,806-917-7143
1741,Jacquette,Matyas,95600 Thackeray Trail,242 Northview Pass,Florida,33069,US,954-948-3032
1742,Doy,Streatfeild,0 Chinook Center,689 Derek Place,Illinois,60663,US,312-976-8907
1743,Madalyn,Rylstone,22586 Luster Alley,0546 Weeping Birch Street,Texas,75049,US,214-474-6283
1744,Yorke,Hurdwell,22 Dixon Pass,7 Northview Hill,District of Columbia,20599,US,202-378-7590
1745,Kellyann,Castiglione,59410 Calypso Terrace,80 Claremont Way,Oregon,97075,US,503-466-7526
1746,Nelli,Cotgrove,076 Glacier Hill Parkway,3 Sloan Pass,Colorado,80255,US,720-951-3950
1747,Stefan,MacLardie,9259 Cambridge Junction,4183 Bunting Road,Michigan,48609,US,989-856-3558
1748,Alexio,Ferrillo,04362 Spohn Way,1 Mockingbird Alley,Tennessee,37931,US,865-161-6703
1749,Kareem,Rigler,1761 Sutherland Terrace,650 Kedzie Court,Virginia,24020,US,540-379-9208
1750,Symon,Arsey,757 Stuart Junction,07610 Oak Alley,Iowa,52245,US,319-660-3056
1751,Nannie,Issacof,21 Claremont Circle,59405 Nancy Trail,California,90060,US,323-687-4186
1752,Leigh,Yoslowitz,191 Farmco Park,124 Clove Park,District of Columbia,20546,US,202-783-3785
1753,Rouvin,Padgham,2 Fair Oaks Lane,56842 Stoughton Place,Virginia,23289,US,804-596-9147
1754,Monte,Zemler,88159 Armistice Crossing,2 Nobel Way,New York,11447,US,917-174-9169
1755,Dominick,Kerley,885 Village Green Place,1 Reinke Lane,Virginia,23293,US,804-654-0679
1756,Orton,Treadaway,6123 Tennessee Terrace,6 Paget Lane,California,92878,US,951-621-0353
1757,Tommi,Harbor,10 Drewry Place,1 Harper Way,Ohio,43615,US,419-804-4386
1758,Ransom,Fleeman,9 Graceland Hill,7 Tennessee Road,South Carolina,29225,US,803-211-3730
1759,Christina,Lampbrecht,899 Bultman Pass,3 Tennyson Place,Illinois,61651,US,309-226-1883
1760,Hulda,Gaitone,93 8th Hill,73068 Sachs Park,Colorado,80209,US,720-349-8366
1761,Nettle,Shulver,79691 Eastwood Park,0 Arizona Park,Michigan,48295,US,313-947-7317
1762,Devora,Crookshanks,5122 Pine View Pass,13533 Sage Hill,Texas,78230,US,830-993-0175
1763,Hammad,Calbrathe,5081 Lukken Junction,515 Hollow Ridge Drive,Utah,84093,US,801-441-5250
1764,Georgeanna,Haslehurst,402 Fisk Crossing,1332 Scott Pass,Tennessee,37416,US,423-677-3570
1765,Frank,Hartness,6463 Thackeray Plaza,5 Aberg Court,Texas,88525,US,915-985-2235
1766,Inessa,Dzeniskevich,6415 Debs Center,58 Declaration Crossing,Colorado,80044,US,303-961-8972
1767,Briney,Gidman,515 Bunting Center,3 Arapahoe Road,Texas,79945,US,915-123-3038
1768,Tanitansy,Reicherz,93186 Sundown Crossing,43 Bluejay Point,Illinois,62794,US,217-783-1621
1769,Vidovic,Slator,58786 Judy Avenue,29 Karstens Place,Kansas,67210,US,316-121-1661
1770,Wanda,Thiolier,588 Arizona Plaza,605 Cordelia Lane,New Mexico,87110,US,505-666-0901
1771,Albina,Voase,91 Dapin Place,78 Village Green Parkway,California,90310,US,310-464-2834
1772,Val,Hixson,4700 Pine View Street,4200 Coleman Parkway,Missouri,64130,US,816-365-7847
1773,Stafani,Andrew,6807 Huxley Alley,14457 Sauthoff Court,Florida,33023,US,305-964-1485
1774,Lana,Hanshawe,99570 Roth Parkway,9084 4th Trail,Oklahoma,74149,US,918-748-8913
1775,Kimble,Scoles,9108 Memorial Place,397 Iowa Court,North Carolina,28256,US,704-796-1937
1776,Hermina,Casine,9 Havey Court,95654 Glacier Hill Pass,Missouri,64125,US,816-435-7436
1777,Daune,Cantos,2 Quincy Hill,4 Elgar Park,California,94611,US,510-924-2055
1778,Audrie,Lympenie,31301 Tony Crossing,1 Golf View Lane,Texas,76711,US,254-921-2157
1779,Latia,Bridel,21355 Ridge Oak Hill,5 Artisan Road,New York,11220,US,718-258-6422
1780,Rosabel,Bromhead,6 La Follette Parkway,82994 Mayfield Avenue,New York,11225,US,718-565-9916
1781,Pavia,Bothen,83774 Mcguire Terrace,0 Crest Line Point,Indiana,47732,US,812-585-2406
1782,Vania,Noods,219 Utah Center,594 Westend Circle,Massachusetts,02203,US,617-217-8251
1783,Rouvin,Gorrissen,1 Basil Circle,64957 Grim Point,Maryland,21265,US,410-730-0665
1784,Salvatore,Calterone,3689 Esch Pass,8 Charing Cross Place,Arizona,85737,US,520-519-8342
1785,Ariella,O'Feeny,016 Muir Drive,5887 Bayside Lane,Tennessee,37250,US,615-620-2296
1786,Geri,Cuseck,6117 Susan Hill,84 Redwing Lane,Georgia,30130,US,706-170-4757
1787,Curry,Aleksandrov,75895 Carberry Parkway,0 Wayridge Pass,District of Columbia,20456,US,202-261-9037
1788,Carena,Tomowicz,620 Fremont Road,95373 Crowley Avenue,California,93407,US,805-139-6346
1789,Salmon,De Anesy,72 Vidon Point,49449 Hovde Way,Oklahoma,73129,US,405-522-4072
1790,Gwenora,Haney`,08 Tomscot Park,7 Cordelia Way,Florida,33982,US,941-143-0403
1791,Osborn,Fleckney,901 Almo Lane,70 1st Park,Colorado,80945,US,719-639-5534
1792,Zacherie,Prattin,3462 Brown Parkway,510 Saint Paul Center,Pennsylvania,18706,US,570-648-9849
1793,Alyssa,Hallick,56339 Northfield Terrace,24 Armistice Drive,Colorado,81015,US,719-290-3439
1794,Ambrose,Burdin,17817 Clemons Place,862 Declaration Circle,Florida,34615,US,727-309-8636
1795,Roselle,Neiland,0 Debra Trail,0 Center Hill,New York,10305,US,718-236-3889
1796,Abey,Reddington,92 Buena Vista Court,5 Logan Park,Iowa,51110,US,712-153-7323
1797,Jesse,Bottell,6999 Monterey Road,616 Village Green Circle,Georgia,31296,US,478-634-0463
1798,Tucker,Ragdale,13 Florence Center,54 Garrison Avenue,Wisconsin,54305,US,920-390-7152
1799,Maribel,Henryson,294 Old Shore Avenue,78499 Comanche Point,New York,12210,US,518-446-0072
1800,Gare,Heyburn,84 Arrowood Hill,575 Dexter Avenue,Colorado,80249,US,720-853-0445
1801,Cyrill,Becerra,79908 Blue Bill Park Way,601 Everett Trail,District of Columbia,20078,US,202-176-0696
1802,Vanni,Upshall,36213 Barnett Lane,9 Blackbird Point,Arizona,85045,US,480-164-1703
1803,Corette,Lent,298 Huxley Plaza,95775 Algoma Parkway,New York,10014,US,917-313-3367
1804,Remus,Pryell,3 Dryden Trail,720 Hoffman Street,Indiana,46857,US,260-726-3436
1805,Salomon,Cobain,8 Dapin Plaza,89 Fordem Street,California,93762,US,559-282-2920
1806,Taffy,Whitlock,85347 Sommers Avenue,6286 Transport Alley,Alabama,35487,US,205-523-4663
1807,Neal,Dudderidge,3012 Becker Place,3 Prairieview Circle,Tennessee,38126,US,901-472-4793
1808,Padget,Busch,8 Atwood Junction,3257 Hanover Parkway,Washington,98127,US,206-558-0590
1809,Eldon,Kelson,2875 Corben Place,4096 Claremont Lane,Missouri,63126,US,314-403-4847
1810,Rachael,Rawls,62796 Mallory Trail,803 Stoughton Parkway,California,94975,US,707-849-3489
1811,Donica,Mayling,88600 Pleasure Avenue,81 Doe Crossing Terrace,Utah,84152,US,801-276-9385
1812,Ezechiel,Thackeray,93151 Chive Crossing,50 Onsgard Lane,Minnesota,55166,US,651-411-8545
1813,Veronica,Bestwick,744 Texas Way,65 Upham Lane,California,91117,US,626-109-6918
1814,Albrecht,Wyrall,0472 Scoville Place,61596 High Crossing Court,Florida,32575,US,850-263-3321
1815,Garth,Bagwell,254 Petterle Terrace,77 Meadow Valley Pass,Minnesota,55564,US,952-500-7971
1816,Eryn,Ponton,0 Mesta Alley,1 Shasta Point,North Carolina,28215,US,704-233-2370
1817,Claudetta,De Vuyst,51780 Anderson Way,457 Sullivan Trail,California,93750,US,559-848-3513
1818,Fredia,Rylance,9 2nd Circle,39 Corscot Center,Florida,33906,US,239-126-8066
1819,Xerxes,Vardie,73 Hollow Ridge Avenue,3 Village Court,Texas,76121,US,817-296-7803
1820,Salome,Sleany,3919 Walton Terrace,72931 Texas Place,Connecticut,06520,US,203-462-2927
1821,Hillary,Aldhous,3 Rieder Way,66 Mariners Cove Way,District of Columbia,20404,US,202-721-0602
1822,Wilfred,Drakers,58 Fair Oaks Court,03814 Colorado Street,Arkansas,72916,US,479-690-7022
1823,Sonnie,Grimwad,991 Sunfield Way,7194 Sage Crossing,California,90840,US,562-166-4909
1824,Candide,Baylay,279 Ludington Trail,967 Kropf Pass,Florida,33320,US,754-753-6423
1825,Chuck,Thody,111 Bunker Hill Street,4 Portage Terrace,Nevada,89105,US,702-702-5355
1826,Aurthur,Pirelli,33 Tennessee Junction,4 Gerald Place,Tennessee,37210,US,615-874-2548
1827,May,Hush,56717 Montana Plaza,9 Maryland Terrace,Pennsylvania,16565,US,814-431-2134
1828,Danika,Jaime,6209 Browning Street,4962 Westridge Avenue,New York,10125,US,212-409-2419
1829,Lorinda,Alu,213 Farmco Alley,133 Eastwood Park,Florida,33330,US,954-480-6393
1830,Karlik,Grose,3436 Mccormick Road,3 Bartillon Junction,Georgia,31405,US,912-139-9189
1831,Erhard,Gristhwaite,04 Calypso Court,4982 Scofield Hill,Colorado,80935,US,719-597-0675
1832,Camel,Hilldrop,2478 Buena Vista Road,87241 West Terrace,Virginia,23605,US,757-663-6792
1833,Georgiana,Donaldson,11744 Columbus Drive,15035 Village Green Junction,Ohio,44191,US,216-846-8143
1834,Thomasin,Rossoni,736 Forest Center,05839 Huxley Center,New York,13205,US,315-407-0104
1835,Pippo,Hanfrey,3 Sherman Crossing,0 Hagan Crossing,Oklahoma,73167,US,405-973-3017
1836,Lianne,Shieber,68 Lawn Junction,50 Loeprich Way,Texas,75236,US,972-280-2305
1837,Ross,Eakley,1 Scofield Park,2 Bunting Court,Washington,98498,US,253-713-1745
1838,Monique,Van Der Weedenburg,61016 Hoard Way,312 Fair Oaks Alley,Texas,78682,US,512-599-8206
1839,Raffarty,Keelinge,00757 Artisan Crossing,86 Prairie Rose Terrace,Virginia,22903,US,434-644-3768
1840,Gwenni,Cahalin,2 Golf View Place,55196 Hoard Parkway,Florida,33710,US,727-445-4587
1841,Kameko,Mosdall,004 Ruskin Court,8719 Golf View Point,Nevada,89178,US,702-996-1977
1842,Benji,Lambart,44910 Hanson Avenue,1657 Sage Crossing,Texas,76305,US,940-891-5205
1843,Hamish,Cromett,34 Brickson Park Junction,609 Maple Way,Florida,33315,US,954-732-3243
1844,Linzy,Emmanueli,1 Rockefeller Circle,594 Meadow Vale Way,Texas,75246,US,214-532-9952
1845,Adeline,Sandhill,5189 Carberry Drive,24 Melby Hill,Arkansas,72199,US,501-652-5551
1846,Sayre,Elgie,7 Transport Trail,5 Grover Way,Pennsylvania,17622,US,717-118-9724
1847,Gerda,Seawright,3769 Manitowish Road,76 Merchant Junction,Minnesota,55423,US,952-622-4615
1848,Benedicto,Haselden,45018 Orin Junction,5 Westridge Circle,Texas,78778,US,512-921-7838
1849,Petronille,Proppers,11527 Express Court,63 Crescent Oaks Plaza,Virginia,24034,US,540-160-2817
1850,Chickie,Livett,335 Corben Road,081 Sugar Lane,Florida,33305,US,954-815-6751
1851,Conn,Laborde,414 Anthes Drive,52013 Sunfield Road,Mississippi,39505,US,228-312-8355
1852,Nonah,Vlasov,8 Brown Circle,05608 Pepper Wood Court,Indiana,47805,US,812-366-4281
1853,Petronia,Hillhouse,00239 Mendota Alley,017 Crownhardt Place,Minnesota,55127,US,612-808-3025
1854,Sonnie,Farndell,7 Mccormick Court,469 Loomis Lane,New York,11247,US,212-309-7081
1855,Reed,Pabel,03751 Jenifer Trail,1 Chive Lane,New York,14604,US,585-579-3131
1856,Leese,Strewthers,08 Eastlawn Circle,07428 Reinke Point,Washington,98104,US,206-935-0461
1857,Aggy,Goodswen,63130 Lawn Street,6 Monica Pass,Oklahoma,73142,US,405-336-9202
1858,Meggi,Grocock,80 Armistice Junction,3 Dapin Terrace,Virginia,23272,US,804-429-0207
1859,Hayes,Vankeev,4832 Briar Crest Avenue,071 Sunbrook Trail,Kansas,67236,US,316-928-0207
1860,Stefa,Howselee,3975 Bluejay Circle,947 La Follette Drive,Colorado,80228,US,303-791-5875
1861,Hertha,Ivkovic,54 Muir Alley,76382 Calypso Street,New York,10292,US,212-375-4725
1862,Berti,McGookin,42740 Crescent Oaks Crossing,43 Scott Drive,California,91606,US,323-801-0924
1863,Hall,Cassell,29 Lighthouse Bay Plaza,486 Marquette Alley,Pennsylvania,19178,US,215-176-5948
1864,Nikaniki,Woolforde,328 International Road,19 Melvin Road,Idaho,83705,US,208-451-0775
1865,Alvis,Ebbrell,811 Haas Circle,74 Autumn Leaf Plaza,Florida,33982,US,941-551-3862
1866,Renaldo,Hefferan,67952 Emmet Street,18 American Plaza,Idaho,83722,US,208-720-5817
1867,Aurie,Deniscke,2 Oakridge Alley,16003 Artisan Alley,California,95150,US,408-793-6609
1868,Annamarie,Kilfoyle,45 Brown Point,442 Twin Pines Hill,Iowa,52809,US,563-661-8037
1869,Adrian,Slyman,956 Lawn Drive,7815 Eastwood Lane,California,90805,US,310-916-1475
1870,Cristobal,Skotcher,274 Mayfield Way,567 Waxwing Avenue,Ohio,45454,US,937-298-5006
1871,Artair,Puddan,06 Waxwing Terrace,9793 Eastwood Junction,Ohio,45223,US,513-768-8256
1872,Robbyn,Roney,62 Michigan Point,74356 Tony Street,Texas,77070,US,832-121-5167
1873,Wittie,Ringsell,724 Westend Terrace,39035 Oakridge Hill,California,92110,US,619-997-7948
1874,Ferdinande,Ferie,82720 Brickson Park Junction,205 Red Cloud Hill,Georgia,30033,US,404-378-3160
1875,Cyndie,Popland,934 Brentwood Terrace,55996 Comanche Court,District of Columbia,20575,US,202-125-9694
1876,Christophe,Shotter,8 Leroy Junction,07400 Tennessee Lane,Georgia,30195,US,678-780-0668
1877,Lesley,Steddall,6157 Riverside Street,7234 Bluestem Point,Texas,76096,US,214-890-1860
1878,Della,Denley,64 Northfield Lane,5071 Miller Street,Georgia,30195,US,770-386-3771
1879,Christophe,Baribal,30 Goodland Avenue,72 Rowland Junction,Maryland,20851,US,301-115-0458
1880,Stavro,Wooding,0 Maryland Hill,997 Lindbergh Street,Alabama,35242,US,205-333-5447
1881,Pavel,Wards,272 Straubel Drive,693 Harper Drive,Connecticut,06160,US,860-149-7543
1882,Caresse,Rustman,4 Sauthoff Point,2791 Sherman Circle,Florida,32813,US,407-570-6175
1883,Nalani,Tirrey,84575 Hallows Way,15 Dennis Park,Virginia,22301,US,703-799-4537
1884,Peterus,Tett,1 Hanover Park,15354 Golden Leaf Drive,District of Columbia,20580,US,202-369-3448
1885,Imelda,Arnaudon,02 Hovde Lane,586 Maryland Lane,Alabama,36114,US,334-945-4031
1886,Dennie,Covill,177 Riverside Trail,557 Spaight Trail,Louisiana,71105,US,318-737-5480
1887,Emelen,Jacob,792 Center Street,1618 Lotheville Alley,California,94237,US,916-458-4157
1888,Rodd,Hollingshead,0 Butternut Street,4302 Mariners Cove Way,California,94273,US,916-895-1098
1889,Norry,Scawn,3 Butterfield Parkway,14 Schurz Place,Michigan,49444,US,231-104-4696
1890,Zack,Zupone,7220 Raven Drive,75051 Pond Road,North Carolina,28210,US,704-645-6827
1891,Mellicent,Battison,1213 Monument Pass,2 Dryden Alley,Florida,33915,US,239-690-7325
1892,Petronilla,Harome,57545 Maywood Drive,41260 Fisk Crossing,Tennessee,37205,US,615-563-7509
1893,Marian,Dillinger,976 7th Drive,8547 Melvin Plaza,Ohio,44705,US,330-156-0866
1894,Zea,Ramsey,2 Montana Junction,5242 Kennedy Road,Texas,78044,US,956-966-9791
1895,Simone,Baudain,24901 Eliot Hill,79326 Hoffman Center,Oregon,97405,US,541-307-8357
1896,Cirstoforo,Medhurst,690 Nancy Trail,91058 Longview Trail,Texas,76905,US,325-980-4863
1897,Bambie,MacQueen,19508 Meadow Valley Junction,94809 Susan Park,Ohio,45228,US,513-857-1741
1898,Sayer,Pickavance,737 Golf Point,4 Michigan Drive,Ohio,45243,US,513-415-1534
1899,Pennie,Isitt,0 Caliangt Plaza,9 Magdeline Hill,Tennessee,38114,US,901-666-5963
1900,Essie,Hornig,2 David Court,0 Mosinee Point,California,93778,US,559-744-4341
1901,Dredi,Tuckwell,55611 Basil Avenue,0 Scofield Drive,Virginia,23663,US,804-857-5499
1902,Ardis,Garnul,5219 Rockefeller Avenue,46 Manley Circle,Pennsylvania,15279,US,412-487-0783
1903,Gibbie,Buzine,52758 Lakewood Gardens Alley,2 Kropf Court,Tennessee,37931,US,865-130-5740
1904,Nathanial,Olcot,93457 Bunker Hill Street,94 Mendota Alley,North Carolina,28405,US,910-780-2128
1905,Sydney,Castelluzzi,9554 Forest Crossing,2 Fremont Park,Illinois,60681,US,312-397-4760
1906,Ebonee,Belham,42471 Melvin Trail,3346 Hallows Park,New York,13205,US,315-556-4767
1907,Dannie,MacGruer,4 Buhler Road,6 8th Park,California,90045,US,323-664-3251
1908,Pavla,Najara,05663 Dapin Trail,1604 Gina Court,California,92844,US,714-363-9461
1909,Dolli,Enevold,39290 Waywood Hill,22 Westend Point,District of Columbia,20029,US,202-430-8588
1910,Gerick,Foulkes,1 Roth Drive,64597 Prairie Rose Way,Tennessee,38136,US,901-387-3949
1911,Kristien,Olivetta,02543 Crescent Oaks Trail,31695 Gulseth Park,Kansas,67215,US,316-683-1793
1912,Lissy,Crapper,66 Corben Point,4 Towne Point,Mississippi,39705,US,662-212-6715
1913,Cecilia,Binnion,5 Huxley Circle,173 Memorial Crossing,Montana,59623,US,406-392-5723
1914,Marney,Furlong,49 Harper Plaza,462 Calypso Alley,California,91606,US,323-962-9657
1915,Patti,Swan,8 Pennsylvania Park,684 Forest Dale Avenue,Michigan,49518,US,616-266-0578
1916,Portie,Brobyn,61 Westridge Crossing,9236 Manley Trail,Florida,32215,US,904-705-5601
1917,Flinn,MacGeaney,7 Debs Trail,52 Hoffman Point,Texas,78230,US,210-145-9483
1918,Judith,Throssell,80 Hayes Trail,5 Elka Parkway,Michigan,49048,US,269-114-3203
1919,Willa,Goodday,21165 Oxford Crossing,7 Elmside Road,New York,11254,US,212-760-5828
1920,Bessy,Moult,60 Mccormick Hill,5536 Walton Trail,Texas,77386,US,713-689-9670
1921,Laurice,Morcombe,59544 Redwing Terrace,64 Forest Center,California,90605,US,562-522-3268
1922,Talya,Spatarul,83 Sugar Drive,34270 Dennis Junction,West Virginia,25726,US,304-852-0978
1923,Raquela,Thorndycraft,384 Old Gate Avenue,4 Packers Alley,California,92835,US,714-953-0969
1924,Alena,Boam,02 Coleman Hill,296 Clyde Gallagher Court,Texas,79934,US,915-754-0271
1925,Florance,Eyles,29 Pleasure Trail,775 Bowman Lane,Texas,79934,US,915-133-5242
1926,Sammy,Vercruysse,1 Monument Avenue,949 Fair Oaks Alley,Kentucky,40210,US,502-426-5277
1927,Royce,Schutter,8 Lillian Court,80 Thompson Pass,Ohio,45208,US,513-804-1638
1928,Jess,Aron,8557 Sunbrook Point,9510 Vera Street,Florida,33405,US,561-730-8209
1929,Karen,Hockell,0 Summit Street,7155 Cardinal Avenue,Florida,32209,US,904-249-8597
1930,Stesha,McRobert,06492 Onsgard Lane,09878 Sullivan Place,Maryland,21265,US,410-795-0200
1931,Rickard,Greensall,73599 Lakewood Way,45 Stone Corner Point,Oklahoma,73152,US,405-662-6076
1932,Berenice,Roubottom,3912 Lake View Drive,43771 Fieldstone Junction,California,93726,US,559-846-0821
1933,Bing,Ogbourne,61423 Surrey Point,466 Village Park,Texas,78715,US,512-880-1727
1934,Nappy,Miche,7 3rd Court,27 Trailsway Center,Tennessee,37220,US,615-613-4670
1935,Lyndsie,Urry,99 American Ash Terrace,303 Del Sol Point,Oregon,97211,US,208-326-4118
1936,Alysia,Reddington,13824 Debra Way,730 Ridgeway Street,Tennessee,37665,US,423-673-3588
1937,Waylin,Cockshoot,1 Jenifer Avenue,892 Dovetail Park,Arkansas,72209,US,501-506-7216
1938,Burtie,Rickett,448 Stuart Street,6758 Cambridge Park,Washington,98907,US,509-105-8184
1939,Ludwig,Ruppeli,9119 Twin Pines Junction,90 Artisan Circle,Louisiana,71130,US,318-537-2196
1940,Artus,Wingeat,29 Havey Place,2645 Pleasure Lane,Texas,79182,US,806-198-0780
1941,Jarid,McCallam,7 Gulseth Terrace,794 Bonner Court,Delaware,19714,US,302-630-8006
1942,Jessalyn,Windeatt,92022 Mesta Way,35 Mifflin Crossing,New York,11220,US,718-844-7910
1943,Marilyn,Donn,5 Charing Cross Pass,506 Meadow Valley Center,Florida,33315,US,954-108-5476
1944,Merwin,Robbs,2 Northridge Circle,2569 Amoth Road,Virginia,24503,US,434-224-7719
1945,Talia,Learmouth,41765 Chinook Circle,5795 Sloan Street,Wisconsin,53405,US,262-571-6076
1946,Leora,Bezant,633 Corben Park,6415 Toban Plaza,Texas,78415,US,361-312-6400
1947,Humfrid,Hort,45844 Caliangt Pass,5336 Autumn Leaf Drive,New York,10019,US,718-815-8328
1948,Eran,MacCaffrey,90 Donald Circle,44294 Northfield Pass,California,92127,US,760-711-0109
1949,Lesya,Standish,268 Dryden Parkway,627 Schlimgen Place,Washington,99220,US,509-561-3725
1950,Esme,Keoghane,35384 Montana Circle,92 Homewood Circle,Indiana,47725,US,812-907-9322
1951,Vonny,Kinnock,28 Northwestern Trail,2 Coleman Parkway,North Carolina,27499,US,336-112-7365
1952,Anne-marie,Burchill,57842 Hanover Crossing,79360 Sunbrook Road,District of Columbia,20409,US,202-659-1518
1953,Milka,Pickance,4094 Superior Avenue,3 Eastwood Crossing,Alaska,99507,US,907-209-2585
1954,Beilul,Bleackley,09897 Bunker Hill Alley,35677 Sunnyside Hill,Louisiana,70033,US,504-660-2587
1955,Mozelle,Deeprose,107 Lakeland Parkway,89 Morning Lane,New York,12255,US,518-295-7595
1956,Mariquilla,Dinnis,255 Brown Court,98879 Mallard Park,Pennsylvania,16550,US,814-301-1696
1957,Ryon,Swannick,7986 Annamark Crossing,2139 Bluestem Place,Florida,33884,US,407-366-9752
1958,Philbert,Antonio,38955 Bluejay Circle,5116 Lindbergh Junction,Indiana,46266,US,317-452-4535
1959,Melisse,Mance,70 Summit Trail,16 Graedel Point,Maryland,21203,US,443-640-7383
1960,Bern,Bysshe,599 Mesta Road,119 Alpine Alley,Michigan,48912,US,517-150-7267
1961,Shannon,Thynne,16682 Sauthoff Crossing,72020 Arapahoe Hill,California,93778,US,559-119-2713
1962,Abbot,Labrum,4 Shelley Alley,88 Steensland Junction,California,95150,US,408-740-3201
1963,Netty,Bartels-Ellis,0 Blaine Park,8 Hoffman Lane,Pennsylvania,15286,US,412-181-0643
1964,Marietta,Dungey,925 Holy Cross Road,489 Hoepker Point,Louisiana,70883,US,225-608-1158
1965,Anitra,Manoch,07424 Utah Hill,7528 Londonderry Park,California,90035,US,323-289-6624
1966,Mil,Arrell,1704 Meadow Ridge Road,7762 Nobel Point,Virginia,24040,US,540-263-4446
1967,Cristie,Agg,9 Arizona Lane,3095 Mendota Circle,Utah,84105,US,435-725-4125
1968,Sheridan,Whitter,287 Kim Junction,1998 Hanover Lane,Georgia,31217,US,478-697-7811
1969,Emmerich,Ewert,17 Springview Street,498 Miller Avenue,Alabama,35279,US,205-852-3873
1970,Clyde,Aharoni,50 Dexter Place,5438 School Circle,California,95852,US,916-567-7830
1971,Ellery,Carslake,323 Gerald Street,0 2nd Lane,New York,10125,US,212-898-9430
1972,Clarinda,Jacobovitz,29298 Clyde Gallagher Avenue,33860 Bonner Road,Kentucky,40298,US,502-331-9467
1973,Christy,Gulberg,129 Granby Center,26 Morning Circle,California,92121,US,858-639-0863
1974,Zaria,Denver,847 Kensington Alley,13 Killdeer Crossing,Florida,32225,US,904-327-4121
1975,Dorice,Trowsdale,9533 Oak Hill,834 Havey Way,California,91205,US,818-683-1620
1976,Willetta,McCleod,9555 Bashford Road,0 Granby Alley,Virginia,22047,US,571-174-3270
1977,Fidelio,Boland,16396 Esker Lane,81 Heffernan Court,Wisconsin,54313,US,920-347-9200
1978,Nicol,Joppich,1 Elka Street,5307 South Road,Alaska,99812,US,907-750-8703
1979,Malissia,Brehaut,32 Norway Maple Avenue,3 Center Trail,Colorado,80310,US,303-515-9786
1980,Florenza,Scoyne,950 Lakeland Point,0420 Rigney Street,Virginia,24029,US,540-287-2219
1981,Marla,O' Finan,60731 Tennyson Street,4 Mandrake Crossing,Montana,59623,US,406-788-5438
1982,Tybi,Sauvain,69901 Forest Run Court,637 Hudson Alley,Florida,33432,US,561-215-1931
1983,Trudey,Baldcock,984 Lake View Street,7 Monterey Alley,Washington,99205,US,509-595-1085
1984,Becca,Loades,0258 Kinsman Alley,43114 Nova Avenue,California,95354,US,559-896-6495
1985,Tory,Ellacott,9 Riverside Trail,7852 Stoughton Trail,Nebraska,68117,US,402-601-4364
1986,Wilfrid,Ashbridge,5200 Forest Run Street,20 Esch Junction,Texas,79968,US,915-113-2754
1987,Lucas,Domegan,0 Lyons Park,3684 Tomscot Park,Texas,77060,US,713-646-4453
1988,Fifi,Edwinson,564 Oak Junction,2 Graedel Park,Alabama,35215,US,205-392-8830
1989,Dilly,Boerderman,03 Golden Leaf Crossing,20 1st Drive,Florida,33954,US,941-971-3520
1990,Nichole,Boggis,7350 Fordem Place,5447 Warrior Road,Michigan,49444,US,231-746-6694
1991,Salomi,Stanex,377 Fuller Terrace,05 Arizona Terrace,Iowa,52410,US,319-730-0096
1992,Evangeline,Rosenbloom,80 Hoard Circle,0656 Swallow Road,New York,10175,US,646-868-0465
1993,Stanislaw,Roper,8 Bay Drive,542 Del Mar Court,Tennessee,37995,US,865-173-6581
1994,Kerk,McNeachtain,1364 Arrowood Plaza,2 Eastwood Court,Texas,78732,US,512-645-2501
1995,Zonnya,Aynscombe,50198 Golf View Park,20609 Troy Alley,Massachusetts,02472,US,781-165-6134
1996,Peyter,Tunaclift,5 Ridge Oak Point,814 Pierstorff Road,Kentucky,40524,US,859-981-2983
1997,Biddy,Knuckles,872 Algoma Way,79 5th Lane,Rhode Island,02912,US,401-820-5128
1998,Akim,Goffe,50676 Dexter Trail,057 Dovetail Junction,Indiana,46254,US,317-647-7111
1999,Brandon,Thurby,8 Basil Center,68495 Lotheville Drive,Oregon,97312,US,971-492-9088
2000,Raeann,Duigenan,0 Manufacturers Parkway,24 Debs Avenue,Florida,33763,US,727-719-0748
